id,name,logo
0,不选,0.png
1001,清华大学,1001.png
1002,北京大学,1002.png
1003,中国人民大学,1003.png
1004,北京航空航天大学,1004.png
1005,北京邮电大学,1005.png
1006,北京师范大学,1006.png
1007,中国传媒大学,1007.png
1008,北京语言大学,1008.png
1009,北京科技大学,1009.png
1010,中国农业大学,1010.png
1011,北京理工大学,1011.png
1012,北京林业大学,1012.png
1013,北京交通大学,1013.jpg
1014,中国矿业大学(北京),1014.png
1015,北京信息科技大学,1015.jpg
1016,北京工业大学,1016.png
1017,北京化工大学,1017.png
1018,中国政法大学,1018.png
1019,对外经济贸易大学,1019.png
1020,中央民族大学,1020.png
1021,中国地质大学(北京),1021.png
1022,中国科学院大学,1022.jpg
1023,北京中医药大学,1023.png
1024,首都经济贸易大学,1024.jpg
1025,中央财经大学,1025.png
1026,北方工业大学,1026.jpg
1027,中国石油大学(北京),1027.png
1028,外交学院,1028.png
1029,首都师范大学,1029.png
1030,中央戏剧学院,1030.png
1031,中国青年政治学院,1031.png
1032,北京外国语大学,1032.png
1033,华北电力大学(北京),1033.png
1034,中国人民公安大学,1034.jpg
1035,北京协和医学院(清华大学医学部),1035.jpg
1036,北京体育大学,1036.png
1037,北京工商大学,1037.jpg
1038,北京联合大学,1038.jpg
1039,首都医科大学,1039.jpg
1040,国际关系学院,1040.jpg
1041,中央美术学院,1041.png
1042,北京电子科技学院,1042.jpg
1043,中国劳动关系学院,1043.jpg
1044,中华女子学院,1044.jpg
1045,北京建筑大学,1045.jpg
1046,北京印刷学院,1046.jpg
1047,北京石油化工学院,1047.jpg
1048,首钢工学院,1048.jpg
1049,北京农学院,1049.jpg
1050,首都体育学院,1050.jpg
1051,北京第二外国语学院,1051.jpg
1052,北京物资学院,1052.jpg
1053,北京警察学院,1053.jpg
1054,中央音乐学院,1054.png
1055,中国戏曲学院,1055.jpg
1056,北京舞蹈学院,1056.jpg
1057,北京城市学院,1057.jpg
1058,北京电影学院,1058.png
1059,北京服装学院,1059.png
1060,北京工商大学嘉华学院,1060.jpg
1061,首都师范大学科德学院,1061.jpg
1062,北京工业大学耿丹学院,1062.jpg
1065,北京邮电大学世纪学院,1065.jpg
1067,北京政法职业学院,1067.jpg
1068,北京信息职业技术学院,1068.jpg
1071,北京戏曲艺术职业学院,1071.jpg
1074,北京培黎职业学院,1074.jpg
1075,北京农业职业学院,1075.jpg
1076,北京科技职业学院,1076.jpg
1077,北京科技经营管理学院,1077.jpg
1078,北京经贸职业学院,1078.jpg
1079,北京经济技术职业学院,1079.jpg
1080,北京京北职业技术学院,1080.jpg
1081,北京交通职业技术学院,1081.jpg
1082,北京吉利学院,1082.jpg
1083,北京汇佳职业学院,1083.jpg
1084,北京工业职业技术学院,1084.jpg
1086,北京电子科技职业学院,1086.png
1087,北京财贸职业学院,1087.jpg
1088,北京北大方正软件职业技术学院,1088.jpg
1101,北京第二外国语学院中瑞酒店管理学院,1101.jpg
1102,北京劳动保障职业学院,1102.jpg
1103,北京社会管理职业学院,1103.jpg
1104,北京艺术传媒职业学院,1104.jpg
1105,北京体育职业学院,1105.jpg
1106,北京交通运输职业学院,1106.jpg
1107,北京卫生职业学院,1107.jpg
1109,中国音乐学院,1109.jpg
1110,北京青年政治学院,1110.jpg
1111,北京经济管理职业学院,1111.jpg
2001,复旦大学,2001.png
2002,上海交通大学,2002.png
2003,同济大学,2003.png
2004,华东师范大学,2004.png
2005,上海财经大学,2005.png
2006,华东理工大学,2006.png
2007,上海商学院,2007.jpg
2008,东华大学,2008.png
2009,上海理工大学,2009.jpg
2010,上海大学,2010.png
2011,上海外国语大学,2011.png
2012,上海海事大学,2012.jpg
2013,上海工程技术大学,2013.jpg
2015,上海中医药大学,2015.jpg
2016,上海师范大学,2016.png
2017,上海建桥学院,2017.png
2018,上海政法学院,2018.jpg
2019,上海电机学院,2019.jpg
2020,上海第二工业大学,2020.png
2021,上海应用技术大学,2021.png
2022,上海电力学院,2022.jpg
2023,上海对外经贸大学,2023.jpg
2025,上海立信会计金融学院,2025.png
2026,上海体育职业学院,2026.jpg
2027,上海音乐学院,2027.png
2028,上海戏剧学院,2028.jpg
2029,上海杉达学院,2029.jpg
2030,华东政法大学,2030.jpg
2031,上海外国语大学贤达经济人文学院,2031.jpg
2033,上海师范大学天华学院,2033.jpg
2035,上海工商职业技术学院,2035.jpg
2039,上海邦德职业技术学院,2039.jpg
2042,上海出版印刷高等专科学校,2042.jpg
2043,上海电影艺术职业学院,2043.jpg
2044,上海电子信息职业技术学院,2044.jpg
2045,上海东海职业技术学院,2045.jpg
2046,上海工会管理职业学院,2046.jpg
2047,上海工商外国语职业学院,2047.jpg
2048,上海工艺美术职业学院,2048.jpg
2049,上海公安学院,2049.png
2050,上海海关学院,2050.jpg
2051,上海海事职业技术学院,2051.png
2052,上海济光职业技术学院,2052.jpg
2054,上海交通职业技术学院,2054.jpg
2055,上海科学技术职业学院,2055.jpg
2056,上海立达职业技术学院,2056.jpg
2058,上海民远职业技术学院,2058.jpg
2059,上海农林职业技术学院,2059.jpg
2060,上海欧华职业技术学院,2060.jpg
2061,上海思博职业技术学院,2061.jpg
2064,上海行健职业学院,2064.png
2067,上海震旦职业学院,2067.jpg
2068,上海中华职业技术学院,2068.jpg
2069,上海中侨职业技术学院,2069.png
2101,上海健康医学院,2101.png
2102,上海海洋大学,2102.jpg
2103,上海体育学院,2103.jpg
2104,上海兴伟学院,2104.png
2105,上海视觉艺术学院,2105.jpg
2106,上海科技大学,2106.jpg
2107,上海纽约大学,2107.png
2108,上海城建职业学院,2108.png
2109,上海民航职业技术学院,2109.png
3001,南开大学,3001.png
3002,天津大学,3002.png
3003,河北工业大学,3003.png
3004,天津师范大学,3004.jpg
3005,天津工业大学,3005.jpg
3006,天津科技大学,3006.jpg
3007,天津理工大学,3007.jpg
3008,天津医科大学,3008.png
3009,天津中医药大学,3009.jpg
3010,天津财经大学,3010.jpg
3011,中国民航大学,3011.jpg
3012,天津城市职业学院,3012.jpg
3013,天津农学院,3013.png
3015,天津外国语大学,3015.jpg
3016,天津商业大学,3016.jpg
3017,天津体育学院,3017.jpg
3018,天津音乐学院,3018.jpg
3019,天津美术学院,3019.jpg
3020,天津天狮学院,3020.jpg
3021,天津滨海职业学院,3021.jpg
3022,天津渤海职业技术学院,3022.jpg
3023,天津城市建设管理职业技术学院,3023.jpg
3025,天津电子信息职业技术学院,3025.png
3027,天津工程职业技术学院,3027.jpg
3030,天津工艺美术职业学院,3030.jpg
3031,天津公安警官职业学院,3031.jpg
3032,天津海运职业学院,3032.jpg
3033,天津机电职业技术学院,3033.jpg
3034,天津交通职业学院,3034.png
3035,天津开发区职业技术学院,3035.jpg
3036,天津青年职业学院,3036.jpg
3037,天津轻工职业技术学院,3037.jpg
3038,天津生物工程职业技术学院,3038.jpg
3039,天津石油职业技术学院,3039.jpg
3040,天津铁道职业技术学院,3040.jpg
3041,天津现代职业技术学院,3041.jpg
3042,天津冶金职业技术学院,3042.jpg
3043,天津医学高等专科学校,3043.jpg
3044,天津艺术职业学院,3044.jpg
3045,天津职业技术师范大学,3045.jpg
3046,天津中德应用技术大学,3046.jpg
3048,天津外国语大学滨海外事学院,3048.jpg
3049,天津体育学院运动与文化艺术学院,3049.jpg
3050,天津商业大学宝德学院,3050.jpg
3051,天津医科大学临床医学院,3051.jpg
3052,北京科技大学天津学院,3052.jpg
3053,天津师范大学津沽学院,3053.jpg
3054,天津理工大学中环信息学院,3054.jpg
3055,天津大学仁爱学院,3055.jpg
3056,天津财经大学珠江学院,3056.jpg
3057,南开大学滨海学院,3057.jpg
3101,天津城建大学,3101.jpg
3103,天津商务职业学院,3103.jpg
3104,天津国土资源和房屋职业学院,3104.jpg
3105,天津广播影视职业学院,3105.jpg
4001,重庆大学,4001.png
4002,西南大学,4002.png
4003,重庆师范大学,4003.jpg
4004,西南政法大学,4004.jpg
4005,重庆交通大学,4005.jpg
4006,重庆邮电大学,4006.jpg
4007,重庆医科大学,4007.jpg
4008,重庆工商大学,4008.jpg
4009,重庆科技学院,4009.jpg
4010,重庆工程学院,4010.jpg
4011,长江师范学院,4011.jpg
4012,四川外国语大学,4012.jpg
4013,四川美术学院,4013.jpg
4014,重庆三峡学院,4014.jpg
4015,重庆文理学院,4015.jpg
4017,重庆城市职业学院,4017.jpg
4018,重庆电力高等专科学校,4018.jpg
4019,重庆电子工程职业学院,4019.jpg
4021,重庆工程职业技术学院,4021.jpg
4022,重庆工商职业学院,4022.jpg
4023,重庆工业职业技术学院,4023.jpg
4025,重庆海联职业技术学院,4025.jpg
4026,重庆机电职业技术学院,4026.jpg
4027,重庆警察学院,4027.jpg
4029,重庆三峡医药高等专科学校,4029.jpg
4030,重庆三峡职业学院,4030.jpg
4031,重庆水利电力职业技术学院,4031.jpg
4032,重庆信息技术职业学院,4032.png
4033,重庆医药高等专科学校,4033.jpg
4038,重庆大学城市科技学院,4038.jpg
4040,四川外国语大学重庆南方翻译学院,4040.jpg
4041,重庆师范大学涉外商贸学院,4041.jpg
4042,重庆工商大学融智学院,4042.jpg
4043,重庆工商大学派斯学院,4043.jpg
4044,重庆邮电大学移通学院,4044.jpg
4045,重庆工贸职业技术学院,4045.jpg
4046,重庆青年职业技术学院,4046.jpg
4047,重庆城市管理职业学院,4047.jpg
5001,哈尔滨工业大学,5001.png
5002,哈尔滨工程大学,5002.png
5003,东北林业大学,5003.png
5004,东北农业大学,5004.png
5005,哈尔滨医科大学,5005.jpg
5006,黑龙江中医药大学,5006.png
5007,黑龙江工业学院,5007.png
5008,黑龙江科技大学,5008.jpg
5009,哈尔滨学院,5009.jpg
5010,哈尔滨体育学院,5010.jpg
5011,黑龙江东方学院,5011.jpg
5012,黑龙江大学,5012.jpg
5013,哈尔滨商业大学,5013.jpg
5014,哈尔滨师范大学,5014.jpg
5015,哈尔滨理工大学,5015.jpg
5016,佳木斯大学,5016.jpg
5017,齐齐哈尔大学,5017.jpg
5018,齐齐哈尔医学院,5018.jpg
5019,黑龙江八一农垦大学,5019.jpg
5021,大庆师范学院,5021.jpg
5022,牡丹江医学院,5022.jpg
5023,牡丹江师范学院,5023.jpg
5024,绥化学院,5024.jpg
5025,黑河学院,5025.jpg
5026,大庆医学高等专科学校,5026.jpg
5027,大庆职业学院,5027.jpg
5028,大兴安岭职业学院,5028.png
5029,哈尔滨电力职业技术学院,5029.jpg
5031,哈尔滨金融学院,5031.png
5032,哈尔滨铁道职业技术学院,5032.jpg
5034,哈尔滨职业技术学院,5034.png
5035,鹤岗师范高等专科学校,5035.jpg
5037,黑龙江工商学院,5037.jpg
5038,黑龙江公安警官职业学院,5038.jpg
5039,黑龙江建筑职业技术学院,5039.jpg
5040,黑龙江林业职业技术学院,5040.jpg
5041,黑龙江旅游职业技术学院,5041.jpg
5042,黑龙江能源职业学院,5042.jpg
5043,黑龙江民族职业学院,5043.jpg
5046,黑龙江农垦职业学院,5046.jpg
5047,黑龙江农业工程职业学院,5047.jpg
5048,黑龙江农业经济职业学院,5048.jpg
5049,黑龙江农业职业技术学院,5049.jpg
5050,黑龙江三江美术职业学院,5050.jpg
5051,黑龙江商业职业学院,5051.jpg
5052,黑龙江生态工程职业学院,5052.jpg
5053,黑龙江生物科技职业学院,5053.jpg
5054,黑龙江司法警官职业学院,5054.jpg
5055,黑龙江信息技术职业学院,5055.jpg
5057,黑龙江艺术职业学院,5057.jpg
5059,牡丹江大学,5059.jpg
5060,七台河职业学院,5060.jpg
5061,齐齐哈尔高等师范专科学校,5061.jpg
5063,伊春职业学院,5063.jpg
5065,黑龙江工程学院,5065.jpg
5067,黑龙江交通职业技术学院,5067.jpg
5068,哈尔滨应用职业技术学院,5068.jpg
5082,黑龙江幼儿师范高等专科学校,5082.jpg
5101,东北石油大学,5101.jpg
5102,哈尔滨信息工程学院,5102.jpg
5103,齐齐哈尔工程学院,5103.jpg
5104,黑龙江外国语学院,5104.jpg
5105,黑龙江财经学院,5105.jpg
5107,哈尔滨远东理工学院,5107.png
5108,哈尔滨剑桥学院,5108.jpg
5109,黑龙江工程学院昆仑旅游学院,5109.jpg
5110,哈尔滨广厦学院,5110.jpg
5111,哈尔滨华德学院,5111.jpg
5112,哈尔滨音乐学院,5112.png
5113,黑龙江职业学院,5113.jpg
5114,哈尔滨传媒职业学院,5114.jpg
5115,哈尔滨城市职业学院,5115.jpg
5116,黑龙江农垦科技职业学院,5116.jpg
5117,哈尔滨科学技术职业学院,5117.jpg
5118,黑龙江粮食职业学院,5118.jpg
5119,佳木斯职业学院,5119.jpg
5120,黑龙江护理高等专科学校,5120.jpg
5121,哈尔滨工程技术职业学院,5121.jpg
5122,齐齐哈尔理工职业学院,5122.jpg
5123,哈尔滨幼儿师范高等专科学校,5123.jpg
5124,黑龙江冰雪体育职业学院,5124.jpg
6001,吉林大学,6001.png
6002,东北师范大学,6002.png
6003,长春大学,6003.jpg
6004,吉林农业大学,6004.jpg
6005,长春中医药大学,6005.jpg
6006,东北电力大学,6006.jpg
6007,吉林化工学院,6007.jpg
6008,吉林建筑大学,6008.jpg
6009,长春工程学院,6009.jpg
6010,长春师范大学,6010.jpg
6011,吉林工程技术师范学院,6011.jpg
6012,吉林华桥外国语学院,6012.jpg
6014,吉林体育学院,6014.jpg
6015,吉林艺术学院,6015.jpg
6016,长春工业大学,6016.jpg
6017,长春理工大学,6017.jpg
6018,延边大学,6018.jpg
6019,北华大学,6019.jpg
6020,吉林农业科技学院,6020.jpg
6021,吉林医药学院,6021.jpg
6022,吉林师范大学,6022.jpg
6023,白城师范学院,6023.jpg
6024,通化师范学院,6024.jpg
6025,白城医学高等专科学校,6025.jpg
6026,长春东方职业学院,6026.jpg
6027,长春金融高等专科学校,6027.jpg
6028,长春汽车工业高等专科学校,6028.jpg
6029,长春信息技术职业学院,6029.jpg
6030,长春医学高等专科学校,6030.jpg
6031,长春职业技术学院,6031.jpg
6032,东北师范大学人文学院,6032.jpg
6035,吉林电子信息职业技术学院,6035.jpg
6037,吉林工业职业技术学院,6037.jpg
6039,吉林交通职业技术学院,6039.jpg
6043,吉林司法警官职业学院,6043.jpg
6044,辽源职业技术学院,6044.jpg
6045,四平职业大学,6045.jpg
6046,松原职业技术学院,6046.jpg
6050,长春大学旅游学院,6050.jpg
6051,长春工业大学人文信息学院,6051.jpg
6053,长春理工大学光电信息学院,6053.jpg
6056,吉林师范大学博达学院,6056.jpg
6057,吉林铁道职业技术学院,6057.jpg
6058,白城职业技术学院,6058.jpg
6101,吉林财经大学,6101.jpg
6102,吉林工商学院,6102.jpg
6103,吉林警察学院,6103.jpg
6104,长春光华学院,6104.jpg
6105,长春财经学院,6105.jpg
6106,吉林建筑大学城建学院,6106.gif
6107,长春建筑学院,6107.png
6108,长春科技学院,6108.jpg
6109,吉林动画学院,6109.jpg
6110,长春师范高等专科学校,6110.php?imgurl=
6111,吉林工程职业学院,6111.jpg
6112,长白山职业技术学院,6112.jpg
6113,吉林科技职业技术学院,6113.jpg
6114,延边职业技术学院,6114.jpg
6115,吉林城市职业技术学院,6115.jpg
6116,吉林职业技术学院,6116.jpg
7001,大连理工大学,7001.png
7002,东北大学,7002.png
7003,辽宁大学,7003.png
7004,大连海事大学,7004.png
7005,东北财经大学,7005.jpg
7006,大连大学,7006.jpg
7007,大连交通大学,7007.jpg
7008,大连医科大学,7008.jpg
7009,辽宁师范大学,7009.jpg
7010,大连民族大学,7010.jpg
7011,大连工业大学,7011.jpg
7013,大连外国语大学,7013.jpg
7014,辽宁对外经贸学院,7014.jpg
7015,沈阳大学,7015.jpg
7016,沈阳理工大学,7016.jpg
7017,沈阳工业大学,7017.jpg
7018,沈阳建筑大学,7018.jpg
7019,沈阳农业大学,7019.jpg
7020,辽宁中医药大学,7020.png
7021,沈阳药科大学,7021.jpg
7022,沈阳师范大学,7022.jpg
7023,中国刑事警察学院,7023.jpg
7024,沈阳化工大学,7024.jpg
7026,沈阳工程学院,7026.png
7027,沈阳医学院,7027.jpg
7028,沈阳体育学院,7028.jpg
7029,鲁迅美术学院,7029.jpg
7030,沈阳音乐学院,7030.jpg
7031,中国医科大学,7031.jpg
7032,辽宁工业大学,7032.jpg
7033,辽宁石油化工大学,7033.png
7035,鞍山师范学院,7035.jpg
7036,渤海大学,7036.jpg
7038,辽宁医药职业学院,7038.jpg
7039,辽宁科技学院,7039.png
7040,辽东学院,7040.jpg
7042,渤海船舶职业学院,7042.png
7044,朝阳师范高等专科学校,7044.jpg
7045,大连东软信息学院,7045.jpg
7046,大连翻译职业学院,7046.jpg
7047,大连枫叶职业技术学院,7047.jpg
7048,大连软件职业学院,7048.jpg
7049,大连商务职业学院,7049.jpg
7050,大连艺术学院,7050.jpg
7051,大连职业技术学院,7051.jpg
7052,抚顺师范高等专科学校,7052.jpg
7053,抚顺职业技术学院,7053.jpg
7054,阜新高等专科学校,7054.jpg
7056,锦州师范高等专科学校,7056.jpg
7058,辽宁广告职业学院,7058.jpg
7059,辽宁机电职业技术学院,7059.jpg
7062,辽宁金融职业学院,7062.jpg
7063,辽宁经济职业技术学院,7063.png
7064,辽宁警察学院,7064.jpg
7065,辽宁科技大学,7065.jpg
7066,辽宁林业职业技术学院,7066.png
7068,辽宁农业职业技术学院,7068.png
7069,辽宁商贸职业学院,7069.png
7070,辽宁石化职业技术学院,7070.jpg
7072,辽宁体育运动职业技术学院,7072.jpg
7074,辽阳职业技术学院,7074.jpg
7075,盘锦职业技术学院,7075.jpg
7076,沈阳航空职业技术学院,7076.png
7077,沈阳职业技术学院,7077.jpg
7078,辽宁职业学院,7078.jpg
7079,铁岭师范高等专科学校,7079.jpg
7080,营口职业技术学院,7080.jpg
7083,辽河石油职业技术学院,7083.png
7087,大连工业大学艺术与信息工程学院,7087.jpg
7091,辽宁石油化工大学顺华能源学院,7091.jpg
7094,中国医科大学临床医药学院,7094.jpg
7095,大连医科大学中山学院,7095.jpg
7097,辽宁中医药大学杏林学院,7097.jpg
7099,辽宁师范大学海华学院,7099.png
7102,大连理工大学城市学院,7102.png
7104,辽宁装备制造职业技术学院,7104.png
7107,沈阳工业大学工程学院,7107.jpg
7201,沈阳航空航天大学,7201.jpg
7202,辽宁工程技术大学,7202.jpeg
7203,大连海洋大学,7203.jpg
7204,锦州医科大学,7204.jpg
7205,沈阳航空航天大学北方科技学院,7205.jpg
7206,沈阳工学院,7206.jpg
7207,大连科技学院,7207.jpg
7208,沈阳城市建设学院,7208.jpg
7209,锦州医科大学医疗学院,7209.jpg
7210,辽宁理工学院,7210.jpg
7211,大连财经学院,7211.jpg
7212,沈阳城市学院,7212.jpg
7213,辽宁何氏医学院,7213.jpg
7214,沈阳科技学院,7214.jpg
7215,辽宁财贸学院,7215.jpg
7216,辽宁传媒学院,7216.png
7217,营口理工学院,7217.jpg
7218,辽宁省交通高等专科学校,7218.jpg
7220,辽宁理工职业学院,7220.jpg
7221,辽宁轨道交通职业学院,7221.jpg
7222,辽宁地质工程职业学院,7222.jpg
7223,辽宁铁道职业技术学院,7223.jpg
7224,辽宁建筑职业学院,7224.jpg
7225,大连航运职业技术学院,7225.jpg
7226,大连装备制造职业技术学院,7226.jpg
7227,大连汽车职业技术学院,7227.jpg
7228,辽宁现代服务职业技术学院,7228.jpg
7229,辽宁冶金职业技术学院,7229.jpg
7230,辽宁工程职业学院,7230.jpg
7231,辽宁城市建设职业技术学院,7231.jpg
7232,铁岭卫生职业学院,7232.jpg
7233,沈阳北软信息职业技术学院,7233.jpg
7234,辽宁政法职业学院,7234.jpg
7235,辽宁民族师范高等专科学校,7235.jpg
7236,辽宁轻工职业学院,7236.jpg
7237,辽宁水利职业学院,7237.jpg
7238,辽宁特殊教育师范高等专科学校,7238.php?imgurl=
8001,山东大学,8001.png
8002,中国海洋大学,8002.png
8003,济南大学,8003.jpg
8004,山东建筑大学,8004.png
8005,山东师范大学,8005.jpg
8006,山东财经大学,8006.jpg
8007,山东中医药大学,8007.jpg
8008,山东轻工职业学院,8008.jpg
8009,山东交通学院,8009.jpg
8010,山东警察学院,8010.jpg
8011,山东体育学院,8011.jpg
8012,山东艺术学院,8012.png
8013,山东工艺美术学院,8013.jpg
8014,曲阜师范大学,8014.jpg
8015,烟台大学,8015.jpg
8016,鲁东大学,8016.jpg
8017,山东工商学院,8017.jpg
8018,烟台南山学院,8018.jpg
8019,青岛大学,8019.jpg
8020,山东科技大学,8020.jpg
8021,青岛科技大学,8021.jpg
8022,青岛理工大学,8022.jpg
8023,青岛农业大学,8023.jpg
8024,青岛滨海学院,8024.jpg
8025,中国石油大学(华东),8025.jpg
8026,聊城大学,8026.jpg
8027,山东理工大学,8027.png
8028,潍坊医学院,8028.jpg
8029,潍坊学院,8029.jpg
8030,泰山医学院,8030.jpg
8032,泰山学院,8032.jpg
8033,山东农业大学,8033.jpg
8034,滨州医学院,8034.jpg
8035,滨州学院,8035.jpg
8036,济宁医学院,8036.jpg
8038,德州学院,8038.jpg
8039,枣庄学院,8039.png
8040,菏泽学院,8040.jpg
8041,滨州职业学院,8041.jpg
8043,德州科技职业学院,8043.jpg
8044,东营职业学院,8044.jpg
8045,哈尔滨工业大学(威海),8045.jpg
8046,菏泽医学专科学校,8046.jpg
8047,济南工程职业技术学院,8047.jpg
8049,济南职业学院,8049.jpg
8050,济宁学院,8050.jpg
8051,济宁职业技术学院,8051.jpg
8052,莱芜职业技术学院,8052.jpg
8053,聊城职业技术学院,8053.png
8054,青岛飞洋职业技术学院,8054.jpg
8055,青岛港湾职业技术学院,8055.jpg
8056,青岛恒星科技学院,8056.jpg
8057,青岛黄海学院,8057.jpg
8058,青岛求实职业技术学院,8058.png
8060,青岛远洋船员职业学院,8060.jpg
8061,青岛职业技术学院,8061.jpg
8062,曲阜远东职业技术学院,8062.jpg
8063,日照职业技术学院,8063.jpg
8065,山东大学威海分校,8065.jpg
8066,山东电力高等专科学校,8066.jpg
8067,山东电子职业技术学院,8067.jpg
8069,山东服装职业学院,8069.jpg
8070,山东工业职业学院,8070.jpg
8071,山东华宇工学院,8071.jpg
8072,山东化工职业学院,8072.jpg
8073,山东交通职业学院,8073.jpg
8074,山东经贸职业学院,8074.jpg
8076,山东凯文科技职业学院,8076.jpg
8077,山东科技职业学院,8077.jpg
8078,山东劳动职业技术学院,8078.jpg
8079,山东力明科技职业学院,8079.png
8080,山东旅游职业学院,8080.jpg
8081,山东铝业职业学院,8081.jpg
8082,山东商业职业技术学院,8082.jpg
8083,山东胜利职业学院,8083.jpg
8084,青岛酒店管理职业技术学院,8084.jpg
8085,山东水利职业学院,8085.jpg
8087,山东圣翰财贸职业学院,8087.jpg
8091,山东外国语职业学院,8091.jpg
8092,山东外贸职业学院,8092.jpg
8094,山东外事翻译职业学院,8094.jpg
8099,山东协和学院,8099.jpg
8100,山东信息职业技术学院,8100.jpg
8102,山东杏林科技职业学院,8102.jpg
8103,山东畜牧兽医职业学院,8103.jpg
8104,山东药品食品职业学院,8104.jpg
8105,山东医学高等专科学校,8105.jpg
8106,山东英才学院,8106.jpg
8107,山东政法学院,8107.jpg
8108,山东中医药高等专科学校,8108.jpg
8109,泰山职业技术学院,8109.jpg
8113,威海职业学院,8113.jpg
8115,潍坊工商职业学院,8115.jpg
8117,潍坊科技学院,8117.png
8118,潍坊职业学院,8118.jpg
8120,烟台职业学院,8120.jpg
8121,枣庄科技职业学院,8121.jpg
8127,淄博职业学院,8127.jpg
8132,山东城市建设职业学院,8132.jpg
8133,烟台工程职业技术学院,8133.jpg
8134,山东商务职业学院,8134.jpg
8135,烟台汽车工程职业学院,8135.jpg
8137,山东青年政治学院,8137.jpg
8140,德州职业技术学院,8140.jpg
8141,中国石油大学胜利学院,8141.jpg
8142,烟台大学文经学院,8142.jpg
8143,青岛理工大学琴岛学院,8143.jpg
8144,山东科技大学泰山科技学院,8144.jpg
8146,山东财经大学燕山学院,8146.jpg
8147,青岛农业大学海都学院,8147.jpg
8149,山东财经大学东方学院,8149.jpg
8150,山东师范大学历山学院,8150.jpg
8151,聊城大学东昌学院,8151.jpg
8152,济南大学泉城学院,8152.jpg
8155,山东艺术设计职业学院,8155.jpg
8201,齐鲁工业大学,8201.jpg
8202,临沂大学,8202.jpg
8203,齐鲁医药学院,8203.jpeg
8204,山东女子学院,8204.jpg
8205,山东现代学院,8205.jpg
8206,青岛工学院,8206.jpg
8207,齐鲁理工学院,8207.png
8208,齐鲁师范学院,8208.png
8209,北京电影学院现代创意媒体学院,8209.jpg
8210,山东管理学院,8210.jpg
8211,山东农业工程学院,8211.jpg
8212,山东职业学院,8212.jpg
8213,东营科技职业学院,8213.jpg
8214,淄博师范高等专科学校,8214.jpg
8215,山东司法警官职业学院,8215.jpg
8216,菏泽家政职业学院,8216.jpg
8217,山东传媒职业学院,8217.jpg
8218,临沂职业学院,8218.jpg
8219,枣庄职业学院,8219.jpg
8220,山东理工职业学院,8220.jpg
8221,山东文化产业职业学院,8221.jpg
8222,济南幼儿师范高等专科学校,8222.jpg
8223,济南护理职业学院,8223.jpg
8224,泰山护理职业学院,8224.jpg
8225,山东海事职业学院,8225.jpg
8226,潍坊护理职业学院,8226.jpg
8227,潍坊工程职业学院,8227.jpg
8228,菏泽职业学院,8228.jpg
8229,威海海洋职业学院,8229.jpg
8230,山东特殊教育职业学院,8230.jpg
8231,烟台黄金职业学院,8231.jpg
9001,山西大学,9001.jpg
9002,太原理工大学,9002.png
9003,中北大学,9003.png
9004,山西医科大学,9004.jpg
9005,山西中医学院,9005.jpg
9006,太原师范学院,9006.jpg
9007,太原科技大学,9007.jpg
9008,山西财经大学,9008.jpg
9009,山西师范大学,9009.jpg
9010,山西农业大学,9010.jpg
9011,山西大同大学,9011.jpg
9012,长治医学院,9012.jpg
9013,长治学院,9013.jpg
9014,运城学院,9014.jpg
9015,晋中学院,9015.jpg
9016,忻州师范学院,9016.jpg
9018,长治职业技术学院,9018.jpg
9019,晋城职业技术学院,9019.jpg
9020,晋中职业技术学院,9020.jpg
9021,临汾职业技术学院,9021.jpg
9022,潞安职业技术学院,9022.jpg
9023,吕梁学院,9023.jpg
9024,山西财贸职业技术学院,9024.jpg
9026,山西电力职业技术学院,9026.jpg
9027,山西工程职业技术学院,9027.jpg
9028,山西工商学院,9028.jpg
9029,山西管理职业学院,9029.jpg
9030,山西国际商务职业学院,9030.jpg
9031,山西华澳商贸职业学院,9031.jpg
9032,山西机电职业技术学院,9032.jpg
9033,山西建筑职业技术学院,9033.jpg
9034,山西交通职业技术学院,9034.jpg
9035,山西金融职业学院,9035.jpg
9037,山西警官职业学院,9037.jpg
9038,山西林业职业技术学院,9038.jpg
9039,山西旅游职业学院,9039.jpg
9040,山西煤炭职业技术学院,9040.jpg
9042,山西水利职业技术学院,9042.jpg
9043,山西体育职业学院,9043.jpg
9044,山西同文职业技术学院,9044.jpg
9045,山西戏剧职业学院,9045.jpg
9046,山西信息职业技术学院,9046.jpg
9048,山西艺术职业学院,9048.jpg
9049,山西运城农业职业技术学院,9049.jpg
9052,太原城市职业技术学院,9052.jpg
9055,太原旅游职业学院,9055.jpg
9056,忻州职业技术学院,9056.jpg
9057,阳泉职业技术学院,9057.php?imgurl=
9063,朔州职业技术学院,9063.jpg
9065,山西农业大学信息学院,9065.jpg
9072,山西医科大学晋祠学院,9072.jpg
9073,太原科技大学华科学院,9073.jpg
9074,山西财经大学华商学院,9074.jpg
9075,中北大学信息商务学院,9075.jpg
9076,山西师范大学现代文理学院,9076.jpg
9078,山西大学商务学院,9078.jpg
9079,太原工业学院,9079.jpg
9101,太原学院,9101.jpg
9102,山西警察学院,9102.jpg
9103,山西应用科技学院,9103.jpg
9104,太原理工大学现代科技学院,9104.jpg
9105,山西传媒学院,9105.jpg
9106,山西工程技术学院,9106.jpg
9108,山西省财政税务专科学校,9108.jpg
9109,山西药科职业学院,9109.jpg
9110,大同煤炭职业技术学院,9110.jpg
9111,山西职业技术学院,9111.jpg
9112,运城幼儿师范高等专科学校,9112.jpg
9113,山西老区职业技术学院,9113.jpg
9115,运城职业技术学院,9115.jpg
9116,山西轻工职业技术学院,9116.jpg
9117,晋中师范高等专科学校,9117.jpg
9118,阳泉师范高等专科学校,9118.jpg
9119,山西青年职业学院,9119.jpg
9120,运城护理职业学院,9120.jpg
9121,运城师范高等专科学校,9121.jpg
9122,朔州师范高等专科学校,9122.jpg
9123,吕梁职业技术学院,9123.jpg
10001,西安交通大学,10001.png
10002,长安大学,10002.png
10003,西北工业大学,10003.png
10004,西北大学,10004.png
10005,陕西师范大学,10005.png
10006,西安电子科技大学,10006.png
10007,西安理工大学,10007.jpg
10008,西安科技大学,10008.jpg
10009,西安工业大学,10009.jpg
10010,西安外国语大学,10010.jpg
10011,西安邮电大学,10011.jpg
10012,西安医学院,10012.jpg
10013,西安财经学院,10013.jpg
10014,西北政法大学,10014.jpg
10015,西安体育学院,10015.jpg
10016,西安美术学院,10016.jpeg
10017,西安音乐学院,10017.png
10018,西安文理学院,10018.jpg
10019,西京学院,10019.jpg
10020,西安翻译学院,10020.png
10021,西安培华学院,10021.jpg
10022,西安欧亚学院,10022.png
10023,西安外事学院,10023.jpg
10024,西安石油大学,10024.jpg
10025,西安建筑科技大学,10025.jpg
10028,西北工业大学明德学院,10028.jpg
10030,长安大学兴华学院,10030.jpg
10031,延安大学,10031.jpg
10032,陕西中医药大学,10032.jpg
10033,咸阳师范学院,10033.jpg
10034,陕西科技大学,10034.jpg
10035,宝鸡文理学院,10035.jpg
10036,渭南师范学院,10036.jpg
10037,陕西理工大学,10037.jpg
10038,榆林学院,10038.jpg
10039,商洛学院,10039.jpg
10040,安康学院,10040.jpg
10041,西北农林科技大学,10041.png
10042,安康职业技术学院,10042.jpg
10043,宝鸡职业技术学院,10043.jpg
10044,汉中职业技术学院,10044.jpg
10045,陕西财经职业技术学院,10045.jpg
10046,陕西电子科技职业学院,10046.jpg
10047,陕西电子信息职业技术学院,10047.jpg
10049,陕西服装工程学院,10049.jpg
10050,陕西工业职业技术学院,10050.png
10051,陕西国防工业职业技术学院,10051.jpg
10052,陕西国际商贸学院,10052.jpg
10053,陕西航空职业技术学院,10053.jpg
10054,陕西交通职业技术学院,10054.jpg
10055,陕西经济管理职业技术学院,10055.php?imgurl=
10056,陕西警官职业学院,10056.jpg
10057,陕西旅游烹饪职业学院,10057.jpg
10058,陕西能源职业技术学院,10058.jpg
10059,陕西青年职业学院,10059.jpg
10060,陕西铁路工程职业技术学院,10060.jpg
10061,陕西邮电职业技术学院,10061.jpg
10062,陕西职业技术学院,10062.jpg
10063,商洛职业技术学院,10063.jpg
10064,铜川职业技术学院,10064.jpg
10065,渭南职业技术学院,10065.jpg
10066,西安电力高等专科学校,10066.jpg
10067,西安东方亚太职业技术学院,10067.jpg
10068,西安高新科技职业学院,10068.jpg
10069,西安工程大学,10069.jpg
10070,西安海棠职业学院,10070.jpg
10071,西安航空学院,10071.jpg
10072,西安航空职业技术学院,10072.jpg
10074,西安汽车科技职业学院,10074.jpg
10076,西安思源学院,10076.jpg
10077,西安铁路职业技术学院,10077.jpg
10078,西安职业技术学院,10078.jpg
10079,咸阳职业技术学院,10079.jpg
10080,延安职业技术学院,10080.jpg
10081,杨凌职业技术学院,10081.jpg
10089,西安建筑科技大学华清学院,10089.jpg
10090,西安财经学院行知学院,10090.jpg
10091,陕西科技大学镐京学院,10091.jpg
10092,西安工业大学北方信息工程学院,10092.jpg
10093,延安大学西安创新学院,10093.png
10094,西安电子科技大学长安学院,10094.jpg
10095,西安理工大学高科学院,10095.jpg
10096,西安科技大学高新学院,10096.jpg
10097,西安交通大学城市学院,10097.jpg
10098,西北大学现代学院,10098.jpg
11001,河北大学,11001.jpg
11002,河北农业大学,11002.jpg
11003,中央司法警官学院,11003.jpg
11004,石家庄铁道大学,11004.jpg
11005,石家庄经济职业学院,11005.jpg
11006,河北师范大学,11006.jpg
11007,河北科技大学,11007.jpg
11008,河北医科大学,11008.jpg
11009,河北经贸大学,11009.jpg
11010,河北体育学院,11010.jpg
11011,石家庄学院,11011.jpg
11012,燕山大学,11012.jpg
11013,河北科技师范学院,11013.jpg
11016,唐山学院,11016.jpg
11017,唐山师范学院,11017.jpg
11019,廊坊师范学院,11019.jpg
11020,防灾科技学院,11020.jpg
11021,华北科技学院,11021.jpg
11022,河北建筑工程学院,11022.jpg
11023,河北北方学院,11023.jpg
11024,承德医学院,11024.jpg
11025,邢台学院,11025.jpg
11026,河北工程大学,11026.jpg
11027,邯郸学院,11027.jpg
11028,衡水学院,11028.jpg
11029,保定电力职业技术学院,11029.jpg
11031,河北金融学院,11031.jpg
11032,保定学院,11032.jpg
11033,保定职业技术学院,11033.jpg
11034,渤海石油职业学院,11034.jpg
11035,沧州师范学院,11035.jpg
11036,沧州医学高等专科学校,11036.jpg
11037,沧州职业技术学院,11037.jpg
11038,河北旅游职业学院,11038.jpg
11040,承德石油高等专科学校,11040.jpg
11042,东北大学秦皇岛分校,11042.jpg
11043,邯郸职业技术学院,11043.jpg
11045,河北工程技术学院,11045.jpg
11046,河北工业职业技术学院,11046.jpg
11047,河北公安警察职业学院,11047.jpg
11048,河北化工医药职业技术学院,11048.jpg
11049,河北机电职业技术学院,11049.jpg
11050,河北建材职业技术学院,11050.jpg
11051,河北交通职业技术学院,11051.jpg
11055,河北女子职业技术学院,11055.jpg
11056,河北软件职业技术学院,11056.jpg
11058,河北石油职业技术学院,11058.jpg
11059,河北司法警官职业学院,11059.jpg
11062,河北政法职业学院,11062.jpg
11064,衡水职业技术学院,11064.jpg
11065,华北电力大学(保定),11065.jpg
11080,秦皇岛职业技术学院,11080.jpg
11083,石家庄工商职业学院,11083.jpg
11085,石家庄科技信息职业学院,11085.jpg
11087,石家庄铁路职业技术学院,11087.jpg
11091,石家庄信息工程职业学院,11091.jpg
11092,石家庄医学高等专科学校,11092.jpg
11093,河北传媒学院,11093.jpg
11094,石家庄邮电职业技术学院,11094.jpg
11095,石家庄职业技术学院,11095.jpg
11096,唐山工业职业技术学院,11096.jpg
11098,唐山科技职业技术学院,11098.jpg
11099,唐山职业技术学院,11099.jpg
11100,邢台医学高等专科学校,11100.jpg
11101,邢台职业技术学院,11101.png
11102,张家口职业技术学院,11102.jpg
11103,中国地质大学长城学院,11103.jpg
11107,河北能源职业技术学院,11107.jpg
11110,河北师范大学汇华学院,11110.jpg
11112,河北医科大学临床学院,11112.jpg
11115,燕山大学里仁学院,11115.jpg
11116,河北工程大学科信学院,11116.jpg
11118,河北大学工商学院,11118.jpg
11119,河北经贸大学经济管理学院,11119.jpg
11201,河北地质大学,11201.jpg
11202,华北理工大学,11202.jpg
11203,河北水利电力学院,11203.jpg
11204,河北民族师范学院,11204.jpg
11205,中国人民武装警察部队学院,11205.jpg
11206,北华航天工业学院,11206.jpg
11207,河北美术学院,11207.jpg
11208,河北科技学院,11208.jpg
11209,河北外国语学院,11209.jpg
11210,华北理工大学轻工学院,11210.jpg
11211,河北科技大学理工学院,11211.jpg
11212,华北电力大学科技学院,11212.jpg
11213,河北工业大学城市学院,11213.jpg
11214,石家庄铁道大学四方学院,11214.jpg
11215,河北地质大学华信学院,11215.jpg
11216,华北理工大学冀唐学院,11216.jpg
11217,燕京理工学院,11217.jpg
11218,北京中医药大学东方学院,11218.jpg
11219,北京交通大学海滨学院,11219.jpg
11220,河北东方学院,11220.jpg
11221,河北中医学院,11221.jpg
11222,张家口学院,11222.jpg
11223,河北环境工程学院,11223.jpg
11224,石家庄工程职业学院,11224.jpg
11225,石家庄城市经济职业学院,11225.jpg
11226,石家庄财经职业学院,11226.jpg
11227,河北对外经贸职业学院,11227.jpg
11228,廊坊职业技术学院,11228.jpg
11229,石家庄理工职业学院,11229.jpg
11230,冀中职业学院,11230.jpg
11231,石家庄人民医学高等专科学校,11231.jpg
11232,石家庄科技工程职业学院,11232.jpg
11233,河北劳动关系职业学院,11233.jpg
11234,石家庄科技职业学院,11234.jpg
11235,泊头职业学院,11235.jpg
11236,宣化科技职业学院,11236.jpg
11237,廊坊燕京职业技术学院,11237.jpg
11238,承德护理职业学院,11238.jpg
11239,石家庄幼儿师范高等专科学校,11239.jpg
11240,廊坊卫生职业学院,11240.jpg
11241,河北轨道运输职业技术学院,11241.jpg
11242,保定幼儿师范高等专科学校,11242.jpg
11243,河北工艺美术职业学院,11243.jpg
11244,渤海理工职业学院,11244.jpg
11245,唐山幼儿师范高等专科学校,11245.jpg
12001,郑州大学,12001.png
12002,河南工业大学,12002.jpg
12003,河南农业大学,12003.jpg
12004,华北水利水电大学,12004.jpg
12005,郑州轻工业学院,12005.jpg
12006,郑州航空工业管理学院,12006.jpg
12007,黄河科技学院,12007.png
12008,中原工学院,12008.jpg
12009,河南中医药大学,12009.jpg
12010,河南财经政法大学,12010.jpg
12011,河南大学,12011.jpg
12012,河南科技大学,12012.jpg
12013,洛阳师范学院,12013.jpg
12014,安阳工学院,12014.jpg
12015,安阳师范学院,12015.jpg
12016,南阳理工学院,12016.jpg
12017,南阳师范学院,12017.jpg
12018,平顶山工业职业技术学院,12018.jpg
12019,平顶山学院,12019.jpg
12020,新乡医学院,12020.jpg
12021,河南科技学院,12021.jpg
12022,河南师范大学,12022.jpg
12023,信阳师范学院,12023.jpg
12024,商丘师范学院,12024.jpg
12025,周口师范学院,12025.jpg
12026,黄淮学院,12026.jpg
12027,许昌学院,12027.jpg
12028,河南理工大学,12028.jpg
12030,河南工程学院,12030.jpg
12031,河南工业贸易职业学院,12031.jpg
12032,河南工业职业技术学院,12032.jpg
12036,河南检察职业学院,12036.jpg
12037,河南交通职业技术学院,12037.jpg
12039,河南经贸职业学院,12039.jpg
12040,河南农业职业学院,12040.jpg
12044,河南司法警官职业学院,12044.jpg
12046,河南职业技术学院,12046.jpg
12047,河南质量工程职业学院,12047.jpg
12048,鹤壁职业技术学院,12048.jpg
12049,黄河水利职业技术学院,12049.jpg
12050,济源职业技术学院,12050.jpg
12051,焦作大学,12051.jpg
12052,焦作师范高等专科学校,12052.jpg
12053,开封大学,12053.jpg
12056,洛阳理工学院,12056.jpg
12057,漯河医学高等专科学校,12057.jpg
12058,漯河职业技术学院,12058.jpg
12059,南阳医学高等专科学校,12059.jpg
12063,濮阳职业技术学院,12063.jpg
12064,三门峡职业技术学院,12064.jpg
12066,商丘医学高等专科学校,12066.jpg
12067,商丘职业技术学院,12067.jpg
12068,嵩山少林武术职业学院,12068.jpg
12069,铁道警察学院,12069.jpg
12073,信阳职业技术学院,12073.jpg
12074,许昌职业技术学院,12074.jpg
12075,永城职业学院,12075.jpg
12077,郑州电力高等专科学校,12077.jpg
12078,郑州电子信息职业技术学院,12078.jpg
12079,郑州工业安全职业学院,12079.jpg
12084,郑州旅游职业学院,12084.jpg
12086,郑州师范学院,12086.jpg
12087,郑州澍青医学高等专科学校,12087.jpg
12088,郑州铁路职业技术学院,12088.jpg
12089,郑州信息科技职业学院,12089.jpg
12090,郑州职业技术学院,12090.jpg
12092,周口职业技术学院,12092.php?imgurl=
12094,河南建筑职业技术学院,12094.jpg
12097,河南科技学院新科学院,12097.jpg
12099,中原工学院信息商务学院,12099.jpg
12107,河南大学民生学院,12107.jpg
12108,河南师范大学新联学院,12108.jpg
12109,新乡医学院三全学院,12109.jpg
12201,河南牧业经济学院,12201.jpg
12203,新乡学院,12203.jpg
12204,信阳农林学院,12204.jpg
12206,河南财政金融学院,12206.jpg
12207,河南城建学院,12207.jpg
12208,河南警察学院,12208.jpg
12209,郑州科技学院,12209.jpg
12210,郑州工业应用技术学院,12210.jpg
12211,郑州财经学院,12211.jpg
12212,黄河交通学院,12212.jpg
12213,商丘工学院,12213.jpg
12214,信阳学院,12214.jpg
12215,安阳学院,12215.jpg
12216,郑州工商学院,12216.jpg
12217,商丘学院,12217.jpg
12218,郑州成功财经学院,12218.jpg
12219,郑州升达经贸管理学院,12219.jpg
12220,河南工业和信息化职业学院,12220.jpg
12221,河南水利与环境职业学院,12221.jpg
12222,河南信息统计职业学院,12222.jpg
12223,河南林业职业学院,12223.jpg
12224,郑州电力职业技术学院,12224.jpg
12225,周口科技职业学院,12225.jpg
12226,漯河食品职业学院,12226.jpg
12227,郑州城市职业学院,12227.jpg
12228,安阳职业技术学院,12228.jpg
12229,新乡职业技术学院,12229.jpg
12230,驻马店职业技术学院,12230.jpg
12231,焦作工贸职业学院,12231.jpg
12232,许昌陶瓷职业学院,12232.jpg
12233,郑州理工职业学院,12233.jpg
12234,郑州信息工程职业学院,12234.jpg
12235,长垣烹饪职业技术学院,12235.jpg
12236,开封文化艺术职业学院,12236.jpg
12237,河南应用技术职业学院,12237.jpg
12238,河南艺术职业学院,12238.jpg
12239,河南机电职业学院,12239.jpg
12240,河南护理职业学院,12240.jpg
12241,许昌电气职业学院,12241.jpg
12242,信阳涉外职业技术学院,12242.jpg
12243,鹤壁汽车工程职业学院,12243.jpg
12244,南阳职业学院,12244.jpg
12245,郑州商贸旅游职业学院,12245.jpg
12246,河南推拿职业学院,12246.jpg
12247,洛阳职业技术学院,12247.jpg
12248,郑州幼儿师范高等专科学校,12248.jpg
12249,安阳幼儿师范高等专科学校,12249.jpg
12250,郑州黄河护理职业学院,12250.jpg
12251,河南医学高等专科学校,12251.jpg
12252,郑州财税金融职业学院,12252.jpg
12253,南阳农业职业学院,12253.jpg
12254,洛阳科技职业学院,12254.jpg
12255,鹤壁能源化工职业学院,12255.php?imgurl=
12256,平顶山文化艺术职业学院,12256.jpg
13001,武汉大学,13001.png
13002,华中科技大学,13002.png
13003,华中农业大学,13003.png
13004,武汉理工大学,13004.png
13005,中国地质大学(武汉),13005.jpg
13006,中南财经政法大学,13006.png
13007,中南民族大学,13007.jpg
13008,华中师范大学,13008.png
13010,武汉纺织大学,13010.jpg
13011,湖北中医药大学,13011.jpg
13012,湖北经济学院,13012.png
13013,湖北警官学院,13013.jpg
13014,武汉体育学院,13014.jpg
13015,湖北美术学院,13015.jpg
13016,武汉音乐学院,13016.jpg
13017,武汉生物工程学院,13017.jpg
13018,湖北工业大学,13018.jpg
13019,湖北大学,13019.jpg
13020,江汉大学,13020.jpg
13021,武汉工程大学,13021.jpg
13022,武汉科技大学,13022.jpg
13023,长江大学,13023.jpg
13024,三峡大学,13024.jpg
13025,湖北汽车工业学院,13025.jpg
13027,湖北工程学院,13027.jpg
13028,湖北师范大学,13028.jpg
13030,黄冈师范学院,13030.jpg
13031,湖北民族学院,13031.jpg
13033,咸宁职业技术学院,13033.jpg
13034,长江工程职业技术学院,13034.jpg
13035,长江职业学院,13035.jpg
13036,鄂东职业技术学院,13036.jpg
13038,恩施职业技术学院,13038.jpg
13040,湖北财税职业学院,13040.jpg
13041,湖北城市建设职业技术学院,13041.jpg
13043,湖北国土资源职业学院,13043.jpg
13045,湖北交通职业技术学院,13045.jpg
13046,湖北第二师范学院,13046.jpg
13048,湖北开放职业学院,13048.jpg
13049,湖北民族学院科技学院,13049.png
13050,湖北轻工职业技术学院,13050.jpg
13051,湖北三峡职业技术学院,13051.jpg
13052,湖北生态工程职业技术学院,13052.jpg
13053,湖北生物科技职业学院,13053.jpg
13056,湖北艺术职业学院,13056.jpg
13057,湖北职业技术学院,13057.jpg
13058,湖北中医药高等专科学校,13058.jpg
13059,黄冈科技职业学院,13059.jpg
13060,黄冈职业技术学院,13060.jpg
13061,江汉艺术职业学院,13061.jpg
13062,荆楚理工学院,13062.jpg
13063,荆州职业技术学院,13063.jpg
13067,随州职业技术学院,13067.jpg
13068,武汉船舶职业技术学院,13068.jpg
13069,武汉电力职业技术学院,13069.jpg
13070,武汉工程职业技术学院,13070.jpg
13072,武汉航海职业技术学院,13072.jpg
13073,武汉交通职业学院,13073.jpg
13074,武汉警官职业学院,13074.jpg
13075,武汉科技职业学院,13075.jpg
13077,武汉民政职业学院,13077.jpg
13078,武汉软件工程职业学院,13078.jpg
13082,武汉铁路职业技术学院,13082.jpg
13083,武汉外语外事职业学院,13083.jpg
13084,武汉信息传播职业技术学院,13084.jpg
13085,武汉职业技术学院,13085.jpg
13086,仙桃职业学院,13086.jpg
13095,湖北大学知行学院,13095.jpg
13096,三峡大学科技学院,13096.jpg
13098,湖北工业大学工程技术学院,13098.png
13102,江汉大学文理学院,13102.jpg
13103,湖北汽车工业学院科技学院,13103.png
13104,湖北经济学院法商学院,13104.png
13105,武汉体育学院体育科技学院,13105.jpg
13109,长江大学文理学院,13109.jpg
13110,长江大学工程技术学院,13110.jpg
13202,武汉轻工大学,13202.jpg
13203,汉江师范学院,13203.jpg
13204,湖北文理学院,13204.jpg
13206,湖北理工学院,13206.jpg
13207,湖北科技学院,13207.jpg
13208,湖北医药学院,13208.jpg
13209,武汉商学院,13209.jpg
13210,武汉东湖学院,13210.jpg
13211,汉口学院,13211.jpg
13212,武昌首义学院,13212.jpg
13213,武昌理工学院,13213.jpg
13214,武汉晴川学院,13214.jpg
13215,武汉科技大学城市学院,13215.jpg
13216,武汉工程大学邮电与信息工程学院,13216.jpg
13217,武汉纺织大学外经贸学院,13217.png
13218,武昌工学院,13218.jpg
13219,武汉工商学院,13219.jpg
13220,湖北商贸学院,13220.jpg
13221,湖北医药学院药护学院,13221.jpg
13224,湖北文理学院理工学院,13224.jpg
13225,湖北工程学院新技术学院,13225.jpg
13226,文华学院,13226.jpg
13227,武汉学院,13227.png
13228,武汉工程科技学院,13228.jpg
13229,武汉华夏理工学院,13229.jpg
13230,武汉传媒学院,13230.jpg
13231,武汉设计工程学院,13231.png
13232,荆州理工职业学院,13232.jpg
13233,湖北工业职业技术学院,13233.jpg
13234,鄂州职业大学,13234.jpg
13235,武汉城市职业学院,13235.jpg
13236,襄阳职业技术学院,13236.jpg
13237,武汉工贸职业学院,13237.jpg
13238,湖北水利水电职业技术学院,13238.jpg
13239,武昌职业学院,13239.jpg
13240,武汉商贸职业学院,13240.jpg
13241,三峡电力职业学院,13241.jpg
13242,湖北科技职业学院,13242.jpg
13243,湖北青年职业学院,13243.jpg
13244,湖北工程职业学院,13244.jpg
13245,三峡旅游职业技术学院,13245.jpg
13246,天门职业学院,13246.jpg
13247,湖北体育职业学院,13247.jpg
13248,襄阳汽车职业技术学院,13248.jpg
13249,湖北幼儿师范高等专科学校,13249.jpg
13250,湖北铁道运输职业学院,13250.jpg
13252,长江艺术工程职业学院,13252.jpg
13253,荆门职业学院,13253.jpg
13254,武汉铁路桥梁职业学院,13254.png
14001,湖南师范大学,14001.png
14002,中南大学,14002.png
14003,湖南大学,14003.png
14004,长沙理工大学,14004.jpg
14006,湖南中医药大学,14006.jpg
14007,中南林业科技大学,14007.jpg
14008,长沙学院,14008.jpg
14009,长沙医学院,14009.jpg
14010,湖南涉外经济学院,14010.jpg
14011,湖南商学院,14011.jpg
14012,湖南人文科技学院,14012.jpg
14013,湘潭大学,14013.jpg
14014,湖南科技大学,14014.jpg
14015,湖南工程学院,14015.jpg
14016,南华大学,14016.jpg
14017,吉首大学,14017.jpg
14018,湖南工业大学,14018.jpg
14019,湖南城市学院,14019.jpg
14020,湖南理工学院,14020.jpg
14021,湘南学院,14021.jpg
14022,衡阳师范学院,14022.jpg
14023,湖南文理学院,14023.jpg
14024,怀化学院,14024.jpg
14025,湖南科技学院,14025.jpg
14026,邵阳学院,14026.jpg
14027,保险职业学院,14027.jpg
14028,长沙电力职业技术学院,14028.jpg
14030,长沙环境保护职业技术学院,14030.jpg
14031,长沙民政职业技术学院,14031.jpg
14032,长沙南方职业学院,14032.jpg
14033,长沙商贸旅游职业技术学院,14033.jpg
14037,长沙职业技术学院,14037.jpg
14038,常德职业技术学院,14038.jpg
14039,郴州职业技术学院,14039.jpg
14041,湖南安全技术职业学院,14041.jpg
14043,湖南城建职业技术学院,14043.jpg
14045,湖南第一师范学院,14045.jpg
14047,湖南工程职业技术学院,14047.jpg
14048,湖南工学院,14048.jpg
14049,湖南工业职业技术学院,14049.jpg
14050,湖南工艺美术职业学院,14050.jpg
14053,湖南化工职业技术学院,14053.jpg
14054,湖南环境生物职业技术学院,14054.jpg
14055,湖南机电职业技术学院,14055.jpg
14057,湖南高速铁路职业技术学院,14057.jpg
14058,湖南交通职业技术学院,14058.jpg
14060,湖南九嶷职业技术学院,14060.jpg
14063,湖南理工职业技术学院,14063.jpg
14065,湖南民族职业学院,14065.jpg
14069,湖南商务职业技术学院,14069.jpg
14071,湖南生物机电职业技术学院,14071.jpg
14073,湖南石油化工职业技术学院,14073.jpg
14076,湖南体育职业学院,14076.png
14077,湖南铁道职业技术学院,14077.jpg
14078,湖南铁路科技职业技术学院,14078.jpg
14080,湖南网络工程职业学院,14080.jpg
14081,湖南现代物流职业技术学院,14081.jpg
14083,湖南信息职业技术学院,14083.jpg
14086,湖南艺术职业学院,14086.jpg
14087,湖南中医药高等专科学校,14087.jpg
14089,怀化职业技术学院,14089.jpg
14092,娄底职业技术学院,14092.jpg
14093,邵阳医学高等专科学校,14093.jpg
14094,邵阳职业技术学院,14094.jpg
14096,湘西民族职业技术学院,14096.jpg
14097,潇湘职业学院,14097.jpg
14098,益阳职业技术学院,14098.jpg
14099,永州职业技术学院,14099.jpg
14100,岳阳职业技术学院,14100.jpg
14101,张家界航空工业职业技术学院,14101.jpg
14106,湖南科技大学潇湘学院,14106.jpg
14107,南华大学船山学院,14107.jpg
14108,湖南商学院北津学院,14108.jpg
14109,湖南师范大学树达学院,14109.jpg
14110,湖南农业大学东方科技学院,14110.gif
14111,中南林业科技大学涉外学院,14111.jpg
14112,湖南文理学院芙蓉学院,14112.jpg
14113,湖南理工学院南湖学院,14113.jpg
14114,衡阳师范学院南岳学院,14114.jpg
14115,湖南工程学院应用技术学院,14115.jpg
14116,湖南中医药大学湘杏学院,14116.jpg
14117,吉首大学张家界学院,14117.jpg
14118,长沙理工大学城南学院,14118.jpg
14119,湖南都市职业学院,14119.jpg
14120,湖南电子科技职业学院,14120.jpg
14121,湖南外国语职业学院,14121.jpg
14201,湖南农业大学,14201.jpg
14202,湖南财政经济学院,14202.jpg
14204,湖南女子学院,14204.jpg
14205,湖南医药学院,14205.jpg
14206,长沙师范学院,14206.jpg
14207,湖南应用技术学院,14207.jpg
14208,湖南信息学院,14208.jpg
14209,湖南交通工程学院,14209.jpg
14210,长沙航空职业技术学院,14210.jpg
14211,湖南大众传媒职业技术学院,14211.jpg
14212,湖南科技职业学院,14212.jpg
14213,湖南外贸职业学院,14213.jpg
14214,湖南司法警官职业学院,14214.jpg
14215,湖南邮电职业技术学院,14215.jpg
14216,湘潭医卫职业技术学院,14216.jpg
14217,湖南财经工业职业技术学院,14217.jpg
14218,湖南软件职业学院,14218.jpg
14219,湖南汽车工程职业学院,14219.jpg
14220,湖南水利水电职业技术学院,14220.jpg
14222,湖南电气职业技术学院,14222.jpg
14223,益阳医学高等专科学校,14223.jpg
14225,湖南高尔夫旅游职业学院,14225.jpg
14226,湖南工商职业学院,14226.jpg
14227,湖南三一工业职业技术学院,14227.jpg
14228,长沙卫生职业学院,14228.jpg
14229,湖南食品药品职业学院,14229.jpg
14230,湖南有色金属职业技术学院,14230.jpg
14231,湖南吉利汽车职业技术学院,14231.jpg
14232,湖南幼儿师范高等专科学校,14232.jpg
14233,湘南幼儿师范高等专科学校,14233.jpg
14234,湖南劳动人事职业学院,14234.png
15001,海南大学,15001.png
15002,海南医学院,15002.jpg
15003,海南师范大学,15003.jpg
15007,海南经贸职业技术学院,15007.jpg
15008,海南软件职业技术学院,15008.jpg
15009,海南外国语职业学院,15009.jpg
15011,海南政法职业学院,15011.jpg
15012,海南职业技术学院,15012.jpg
15013,琼台师范高等专科学校,15013.jpg
15014,三亚航空旅游职业学院,15014.jpg
15016,三亚学院,15016.jpg
16001,南京大学,16001.png
16002,河海大学,16002.png
16003,南京师范大学,16003.png
16004,南京理工大学,16004.png
16005,东南大学,16005.png
16006,南京航空航天大学,16006.png
16007,南京财经大学,16007.jpg
16008,南京医科大学,16008.jpg
16009,南京工业大学,16009.jpg
16010,南京农业大学,16010.png
16011,南京林业大学,16011.jpg
16012,南京邮电大学,16012.jpg
16013,南京信息工程大学,16013.jpg
16014,南京中医药大学,16014.jpg
16015,南京工程学院,16015.jpg
16016,金陵科技学院,16016.jpg
16017,南京晓庄学院,16017.jpg
16018,南京审计大学,16018.jpg
16019,江苏警官学院,16019.jpg
16020,南京体育学院,16020.jpg
16021,南京艺术学院,16021.png
16022,三江学院,16022.jpg
16023,中国药科大学,16023.png
16024,苏州大学,16024.png
16025,江南大学,16025.png
16028,徐州工程学院,16028.jpg
16030,扬州大学,16030.jpg
16031,江苏大学,16031.jpg
16032,江苏科技大学,16032.jpg
16033,南通大学,16033.jpg
16034,江苏工程职业技术学院,16034.jpg
16035,常州工学院,16035.jpg
16036,江苏师范大学,16036.jpg
16037,淮阴工学院,16037.jpg
16038,淮阴师范学院,16038.jpg
16039,淮海工学院,16039.jpg
16040,盐城工学院,16040.jpg
16041,盐城师范学院,16041.jpg
16042,常熟理工学院,16042.jpg
16043,常州纺织服装职业技术学院,16043.jpg
16044,常州工程职业技术学院,16044.jpg
16045,常州机电职业技术学院,16045.png
16046,常州轻工职业技术学院,16046.jpg
16047,常州信息职业技术学院,16047.png
16048,硅湖职业技术学院,16048.jpg
16050,淮安信息职业技术学院,16050.jpg
16051,建东职业技术学院,16051.jpg
16053,江海职业技术学院,16053.jpg
16054,江南影视艺术职业学院,16054.jpg
16055,江苏财经职业技术学院,16055.jpg
16056,江苏海事职业技术学院,16056.jpg
16057,江苏经贸职业技术学院,16057.jpg
16058,江苏联合职业技术学院,16058.jpg
16059,江苏农林职业技术学院,16059.jpg
16061,江苏信息职业技术学院,16061.jpg
16063,江阴职业技术学院,16063.jpg
16064,金肯职业技术学院,16064.jpg
16065,金山职业技术学院,16065.jpg
16066,九州职业技术学院,16066.jpg
16067,昆山登云科技职业学院,16067.jpg
16068,连云港师范高等专科学校,16068.jpg
16069,连云港职业技术学院,16069.jpg
16070,明达职业技术学院,16070.jpg
16072,南京工业职业技术学院,16072.jpg
16074,南京交通职业技术学院,16074.jpg
16076,南京森林警察学院,16076.jpg
16077,南京视觉艺术职业学院,16077.jpg
16079,南京铁道职业技术学院,16079.jpg
16080,南京信息职业技术学院,16080.jpg
16082,南通航运职业技术学院,16082.jpg
16084,南通职业大学,16084.jpg
16086,沙洲职业工学院,16086.jpg
16087,苏州百年职业学院,16087.jpg
16088,苏州工业园区职业技术学院,16088.jpg
16089,苏州工业职业技术学院,16089.jpg
16090,苏州工艺美术职业技术学院,16090.jpg
16091,苏州经贸职业技术学院,16091.jpg
16092,苏州科技大学,16092.jpg
16093,苏州农业职业技术学院,16093.jpg
16094,苏州托普信息职业技术学院,16094.jpg
16095,苏州市职业大学,16095.jpg
16096,宿迁学院,16096.jpg
16098,泰州职业技术学院,16098.jpg
16099,无锡城市职业技术学院,16099.jpg
16100,无锡工艺职业技术学院,16100.jpg
16101,无锡科技职业学院,16101.jpg
16102,无锡南洋职业技术学院,16102.jpg
16104,无锡商业职业技术学院,16104.jpg
16105,无锡职业技术学院,16105.jpg
16106,徐州工业职业技术学院,16106.jpg
16111,炎黄职业技术学院,16111.jpg
16112,盐城工业职业技术学院,16112.jpg
16113,扬州工业职业技术学院,16113.jpg
16115,扬州环境资源职业技术学院,16115.gif
16118,应天职业技术学院,16118.jpg
16119,镇江市高等专科学校,16119.png
16120,正德职业技术学院,16120.jpg
16121,中国传媒大学南广学院,16121.jpg
16122,钟山职业技术学院,16122.jpg
16128,江苏卫生健康职业学院,16128.png
16129,苏州卫生职业技术学院,16129.jpg
16202,常州大学,16202.jpg
16203,徐州医科大学,16203.jpg
16204,江苏理工学院,16204.jpg
16205,南京特殊教育师范学院,16205.jpg
16207,南通理工学院,16207.jpg
16209,东南大学成贤学院,16209.jpg
16210,泰州学院,16210.jpg
16211,无锡太湖学院,16211.jpg
16212,中国矿业大学徐海学院,16212.jpg
16213,南京大学金陵学院,16213.jpg
16214,南京理工大学紫金学院,16214.jpg
16215,南京航空航天大学金城学院,16215.jpg
16216,南京理工大学泰州科技学院,16216.jpg
16217,南京师范大学泰州学院,16217.jpg
16218,南京工业大学浦江学院,16218.jpg
16219,南京师范大学中北学院,16219.jpg
16220,南京医科大学康达学院,16220.jpg
16221,南京中医药大学翰林学院,16221.jpg
16222,南京信息工程大学滨江学院,16222.png
16223,苏州大学文正学院,16223.jpg
16224,苏州大学应用技术学院,16224.jpg
16225,苏州科技大学天平学院,16225.jpg
16226,江苏大学京江学院,16226.jpg
16227,扬州大学广陵学院,16227.jpg
16228,江苏师范大学科文学院,16228.jpg
16229,南京邮电大学通达学院,16229.jpg
16230,南京财经大学红山学院,16230.jpg
16231,江苏科技大学苏州理工学院,16231.jpg
16232,常州大学怀德学院,16232.jpg
16233,南通大学杏林学院,16233.jpg
16235,江苏第二师范学院,16235.jpg
16236,西交利物浦大学,16236.jpg
16237,昆山杜克大学,16237.jpg
16238,盐城幼儿师范高等专科学校,16238.jpg
16239,苏州幼儿师范高等专科学校,16239.jpg
16240,江苏建筑职业技术学院,16240.jpg
16242,南通科技职业学院,16242.jpg
16243,江苏农牧科技职业学院,16243.jpg
16244,太湖创意职业技术学院,16244.jpg
16245,南京科技职业学院,16245.jpg
16246,江苏食品药品职业技术学院,16246.jpg
16247,宿迁职业技术学院,16247.jpg
16248,苏州健雄职业技术学院,16248.jpg
16250,江苏城市职业学院,16250.jpg
16251,南京城市职业学院,16251.jpg
16252,南京机电职业技术学院,16252.jpg
16253,苏州高博软件技术职业学院,16253.jpg
16254,南京旅游职业学院,16254.jpg
16256,苏州信息职业技术学院,16256.jpg
16257,宿迁泽达职业技术学院,16257.jpg
16258,苏州工业园区服务外包职业学院,16258.jpg
16259,徐州幼儿师范高等专科学校,16259.jpg
16260,徐州生物工程职业技术学院,16260.jpg
16261,江苏商贸职业学院,16261.jpg
16262,南通师范高等专科学校,16262.jpg
16263,扬州中瑞酒店职业学院,16263.jpg
16264,江苏护理职业学院,16264.jpg
16265,江苏财会职业学院,16265.jpg
16266,江苏城乡建设职业学院,16266.jpg
16267,江苏航空职业技术学院,16267.jpg
16268,江苏安全技术职业学院,16268.jpg
17001,江西财经大学,17001.jpg
17002,南昌大学,17002.png
17003,华东交通大学,17003.jpg
17004,南昌航空大学,17004.jpg
17005,南昌工程学院,17005.jpg
17006,南昌理工学院,17006.jpg
17007,江西中医药大学,17007.jpg
17008,江西科技师范大学,17008.jpg
17010,江西农业大学,17010.jpg
17011,江西师范大学,17011.jpg
17012,东华理工大学,17012.jpg
17014,赣南医学院,17014.jpg
17015,赣南师范大学,17015.jpg
17016,江西理工大学,17016.jpg
17017,上饶师范学院,17017.jpg
17018,井冈山大学,17018.jpg
17019,宜春学院,17019.jpg
17020,九江学院,17020.jpg
17021,抚州职业技术学院,17021.jpg
17023,赣西科技职业学院,17023.png
17024,江西财经职业学院,17024.jpg
17025,江西应用科技学院,17025.jpg
17027,江西电力职业技术学院,17027.jpg
17030,江西工程职业学院,17030.jpg
17031,江西工业工程职业技术学院,17031.jpg
17032,江西工业贸易职业技术学院,17032.jpg
17033,江西工业职业技术学院,17033.jpg
17035,江西航空职业技术学院,17035.jpg
17037,江西环境工程职业学院,17037.jpg
17038,江西机电职业技术学院,17038.jpg
17039,江西建设职业技术学院,17039.jpg
17040,江西交通职业技术学院,17040.jpg
17042,江西经济管理干部学院,17042.jpg
17043,江西经济管理职业学院,17043.jpg
17044,江西科技职业学院,17044.jpg
17045,江西旅游商贸职业学院,17045.jpg
17047,江西农业工程职业学院,17047.jpg
17048,江西青年职业学院,17048.jpg
17050,江西生物科技职业学院,17050.jpg
17052,江西司法警官职业学院,17052.jpg
17054,江西外语外贸职业学院,17054.jpg
17055,江西先锋软件职业技术学院,17055.jpg
17056,江西现代职业技术学院,17056.jpg
17057,江西信息应用职业技术学院,17057.jpg
17059,江西艺术职业学院,17059.jpg
17060,江西应用技术职业学院,17060.jpg
17062,江西制造职业技术学院,17062.jpg
17063,江西中医药高等专科学校,17063.jpg
17065,九江职业大学,17065.jpg
17066,九江职业技术学院,17066.jpg
17068,豫章师范学院,17068.jpg
17072,上饶职业技术学院,17072.png
17075,宜春职业技术学院,17075.jpg
17076,鹰潭职业技术学院,17076.jpg
17077,江西应用工程职业学院,17077.jpg
17078,江西农业大学南昌商学院,17078.jpg
17079,江西师范大学科学技术学院,17079.jpg
17080,华东交通大学理工学院,17080.jpg
17081,江西理工大学应用科学学院,17081.jpg
17082,东华理工大学长江学院,17082.jpg
17083,南昌航空大学科技学院,17083.jpg
17085,江西财经大学现代经济管理学院,17085.jpg
17088,江西科技师范大学理工学院,17088.jpg
17089,南昌大学共青学院,17089.jpg
17090,南昌大学科学技术学院,17090.jpg
17101,景德镇陶瓷大学,17101.jpg
17102,江西科技学院,17102.jpg
17103,景德镇学院,17103.jpg
17104,萍乡学院,17104.jpg
17105,江西警察学院,17105.jpg
17106,新余学院,17106.jpg
17107,江西工程学院,17107.jpg
17109,江西服装学院,17109.jpg
17110,南昌工学院,17110.jpg
17111,景德镇陶瓷大学科技艺术学院,17111.gif
17112,江西中医药大学科技学院,17112.jpg
17113,赣南师范大学科技学院,17113.jpg
17115,南昌师范学院,17115.jpg
17116,江西医学高等专科学校,17116.jpg
17117,江西陶瓷工艺美术职业技术学院,17117.jpg
17118,南昌职业学院,17118.jpg
17119,江西卫生职业学院,17119.jpg
17120,江西新能源科技职业学院,17120.jpg
17121,江西枫林涉外经贸职业学院,17121.jpg
17122,江西泰豪动漫职业学院,17122.jpg
17123,江西冶金职业技术学院,17123.jpg
17124,江西管理职业学院,17124.php?imgurl=
17125,江西传媒职业学院,17125.jpg
17126,江西工商职业技术学院,17126.jpg
17127,景德镇陶瓷职业技术学院,17127.jpg
17128,共青科技职业学院,17128.jpg
17129,赣州师范高等专科学校,17129.jpg
17130,江西水利职业学院,17130.jpg
17131,宜春幼儿师范高等专科学校,17131.jpg
17132,吉安职业技术学院,17132.jpg
17133,江西洪州职业学院,17133.jpg
17134,江西师范高等专科学校,17134.jpg
17135,南昌影视传播职业学院,17135.jpg
17136,赣南卫生健康职业学院,17136.php?imgurl=
18001,华南理工大学,18001.png
18002,中山大学,18002.png
18003,暨南大学,18003.png
18004,华南师范大学,18004.png
18005,广东工业大学,18005.jpg
18006,华南农业大学,18006.jpg
18007,广州大学,18007.jpg
18008,广东外语外贸大学,18008.jpg
18009,广州中医药大学,18009.png
18010,南方医科大学,18010.jpg
18012,广州医科大学,18012.jpg
18013,广东药科大学,18013.jpg
18014,广东金融学院,18014.jpg
18016,广东警官学院,18016.jpg
18017,广州体育学院,18017.jpg
18018,广州美术学院,18018.jpg
18019,星海音乐学院,18019.jpg
18020,广东技术师范学院,18020.jpg
18021,广东培正学院,18021.jpg
18022,广东白云学院,18022.jpg
18023,深圳大学,18023.jpg
18024,汕头大学,18024.jpg
18025,五邑大学,18025.jpg
18028,东莞理工学院,18028.jpg
18029,广东医科大学,18029.jpg
18031,广东海洋大学,18031.jpg
18032,韶关学院,18032.jpg
18033,韩山师范学院,18033.jpg
18034,嘉应学院,18034.jpg
18035,惠州学院,18035.jpg
18036,佛山科学技术学院,18036.jpg
18037,中山大学南方学院,18037.jpg
18038,广东外语外贸大学南国商学院,18038.jpg
18040,北京理工大学珠海学院,18040.jpg
18041,北京师范大学珠海分校,18041.jpg
18042,电子科技大学中山学院,18042.jpg
18043,东莞理工学院城市学院,18043.jpg
18046,佛山职业技术学院,18046.jpg
18048,潮汕职业技术学院,18048.jpg
18049,广东职业技术学院,18049.jpg
18050,广东工程职业技术学院,18050.jpg
18051,广东工贸职业技术学院,18051.png
18052,广东工业大学华立学院,18052.png
18053,广东海洋大学寸金学院,18053.jpg
18056,广东机电职业技术学院,18056.jpg
18059,广东建设职业技术学院,18059.jpg
18060,广东交通职业技术学院,18060.jpg
18062,广东科学技术职业学院,18062.jpg
18063,广东理工职业学院,18063.jpg
18064,广东岭南职业技术学院,18064.jpg
18065,广东农工商职业技术学院,18065.png
18066,广东女子职业技术学院,18066.jpg
18067,广东轻工职业技术学院,18067.png
18069,广东水利电力职业技术学院,18069.jpg
18070,广东司法警官职业学院,18070.jpg
18071,广东松山职业技术学院,18071.png
18072,广东体育职业技术学院,18072.jpg
18074,广东外语艺术职业学院,18074.png
18075,广东文艺职业学院,18075.gif
18076,广东新安职业技术学院,18076.jpg
18077,广东行政职业学院,18077.jpg
18078,广东亚视演艺职业学院,18078.jpg
18079,广东邮电职业技术学院,18079.jpg
18080,广州城市职业学院,18080.jpg
18082,广州大学华软软件学院,18082.jpg
18084,广州大学松田学院,18084.jpg
18085,广州工程技术职业学院,18085.jpg
18088,广州华立科技职业学院,18088.jpg
18089,广州华南商贸职业学院,18089.jpg
18090,广州康大职业技术学院,18090.jpg
18091,广州科技贸易职业学院,18091.jpg
18092,广州科技职业技术学院,18092.jpg
18093,广州民航职业技术学院,18093.png
18094,广州南洋理工职业学院,18094.jpg
18095,广州涉外经济职业技术学院,18095.jpg
18096,广州体育职业技术学院,18096.jpg
18097,广州铁路职业技术学院,18097.jpg
18098,广州现代信息工程职业技术学院,18098.jpg
18099,河源职业技术学院,18099.jpg
18101,华南农业大学珠江学院,18101.jpg
18103,惠州经济职业技术学院,18103.jpg
18104,吉林大学珠海学院,18104.jpg
18105,江门职业技术学院,18105.jpg
18106,揭阳职业技术学院,18106.jpg
18107,罗定职业技术学院,18107.jpg
18108,茂名职业技术学院,18108.jpg
18109,广东南华工商职业学院,18109.jpg
18111,清远职业技术学院,18111.jpg
18112,汕头职业技术学院,18112.jpg
18113,汕尾职业技术学院,18113.jpg
18114,深圳信息职业技术学院,18114.jpg
18116,深圳职业技术学院,18116.jpg
18117,顺德职业技术学院,18117.jpg
18118,私立华联学院,18118.jpg
18119,阳江职业技术学院,18119.jpg
18125,肇庆医学高等专科学校,18125.png
18126,中山火炬职业技术学院,18126.jpg
18127,珠海城市职业技术学院,18127.jpg
18128,珠海艺术职业学院,18128.jpg
18201,岭南师范学院,18201.jpg
18203,广州航海学院,18203.jpg
18204,仲恺农业工程学院,18204.jpg
18205,广东石油化工学院,18205.jpg
18206,广东东软学院,18206.jpg
18207,华南理工大学广州学院,18207.jpg
18208,广东财经大学华商学院,18208.jpg
18209,广东技术师范学院天河学院,18209.jpg
18210,广州商学院,18210.jpg
18211,广州工商学院,18211.jpg
18212,广东科技学院,18212.jpg
18213,广东理工学院,18213.jpg
18214,广东第二师范学院,18214.jpg
18215,南方科技大学,18215.jpg
18217,香港中文大学(深圳),18217.jpg
18220,广州番禺职业技术学院,18220.jpg
18221,广东食品药品职业学院,18221.jpg
18224,广东工商职业学院,18224.jpg
18225,广东科贸职业学院,18225.jpg
18226,中山职业技术学院,18226.jpg
18227,广州珠江职业技术学院,18227.jpg
18228,广州松田职业学院,18228.png
18229,广东文理职业学院,18229.png
18230,广州城建职业学院,18230.jpg
18231,东莞职业技术学院,18231.jpg
18232,广东南方职业学院,18232.jpg
18233,广州华商职业学院,18233.jpg
18234,广州华夏职业学院,18234.jpg
18235,广东环境保护工程职业学院,18235.jpg
18236,广东青年职业学院,18236.png
18237,广州东华职业学院,18237.jpg
18240,广东创新科技职业学院,18240.jpg
18241,广东舞蹈戏剧职业学院,18241.jpg
18242,惠州卫生职业技术学院,18242.jpg
18243,广东信息工程职业学院,18243.jpg
18244,广东生态工程职业学院,18244.php?imgurl=
18245,惠州城市职业学院,18245.jpg
18246,广东碧桂园职业学院,18246.png
18248,广东茂名健康职业学院,18248.jpg
18249,广东酒店管理职业技术学院,18249.jpg
18250,广东茂名幼儿师范专科学校,18250.jpg
18251,广州卫生职业技术学院,18251.jpg
18252,湛江幼儿师范专科学校,18252.php?imgurl=
19001,广西大学,19001.png
19002,广西医科大学,19002.jpg
19003,广西民族大学,19003.jpg
19004,广西中医药大学,19004.jpg
19005,广西师范学院,19005.jpg
19006,广西财经学院,19006.jpg
19007,广西艺术学院,19007.jpg
19008,桂林电子科技大学,19008.jpg
19009,广西师范大学,19009.jpg
19011,桂林医学院,19011.jpg
19013,右江民族医学院,19013.jpg
19014,百色学院,19014.jpg
19015,河池学院,19015.jpg
19016,玉林师范学院,19016.jpg
19017,钦州学院,19017.jpg
19018,贺州学院,19018.jpg
19019,梧州学院,19019.jpg
19020,广西大学行健文理学院,19020.jpg
19021,广西师范大学漓江学院,19021.jpg
19022,桂林电子科技大学信息科技学院,19022.jpg
19025,广西师范学院师园学院,19025.jpg
19026,广西民族大学相思湖学院,19026.jpg
19030,北海职业学院,19030.jpg
19031,广西城市职业学院,19031.jpg
19032,广西电力职业技术学院,19032.jpg
19034,广西工商职业技术学院,19034.jpg
19035,广西工业职业技术学院,19035.jpg
19036,广西国际商务职业技术学院,19036.jpg
19037,广西机电职业技术学院,19037.png
19038,广西建设职业技术学院,19038.jpg
19039,广西交通职业技术学院,19039.jpg
19040,广西经济管理干部学院,19040.jpg
19041,广西经贸职业技术学院,19041.jpg
19043,广西农业职业技术学院,19043.jpg
19045,广西生态工程职业技术学院,19045.jpg
19046,广西水利电力职业技术学院,19046.jpg
19047,广西体育高等专科学校,19047.jpg
19048,广西演艺职业学院,19048.jpg
19049,广西英华国际职业学院,19049.jpg
19052,广西职业技术学院,19052.jpg
19056,桂林山水职业学院,19056.jpg
19057,桂林师范高等专科学校,19057.jpg
19062,柳州职业技术学院,19062.jpg
19064,南宁职业技术学院,19064.png
19065,南宁地区教育学院,19065.jpg
19066,北京航空航天大学北海学院,19066.jpg
19068,百色职业学院,19068.jpg
20001,昆明理工大学,20001.jpg
20002,云南农业大学,20002.jpg
20003,云南师范大学,20003.jpg
20004,云南财经大学,20004.jpg
20005,云南民族大学,20005.jpg
20006,西南林业大学,20006.jpg
20007,昆明医科大学,20007.jpg
20008,云南中医学院,20008.jpg
20009,红河学院,20009.jpg
20010,云南警官学院,20010.jpg
20011,云南艺术学院,20011.jpg
20012,云南大学,20012.png
20013,曲靖师范学院,20013.jpg
20014,玉溪师范学院,20014.jpg
20015,楚雄师范学院,20015.jpg
20016,大理大学,20016.png
20018,保山中医药高等专科学校,20018.jpg
20019,楚雄医药高等专科学校,20019.jpg
20020,德宏师范高等专科学校,20020.jpg
20021,云南大学滇池学院,20021.jpg
20023,昆明工业职业技术学院,20023.jpg
20026,昆明冶金高等专科学校,20026.jpg
20027,昆明艺术职业学院,20027.jpg
20028,丽江师范高等专科学校,20028.jpg
20029,曲靖医学高等专科学校,20029.jpg
20032,西双版纳职业技术学院,20032.jpg
20033,玉溪农业职业技术学院,20033.jpg
20037,云南国防工业职业技术学院,20037.jpg
20038,云南国土资源职业学院,20038.jpg
20039,云南机电职业技术学院,20039.jpg
20040,云南交通职业技术学院,20040.jpg
20043,云南林业职业技术学院,20043.jpg
20044,云南能源职业技术学院,20044.jpg
20045,云南农业职业技术学院,20045.jpg
20048,云南师范大学商学院,20048.jpg
20049,云南司法警官职业学院,20049.jpg
20050,云南体育运动职业技术学院,20050.jpg
20051,云南文化艺术职业学院,20051.JPG
20052,云南新兴职业学院,20052.jpg
20056,昆明学院,20056.jpg
20057,昆明理工大学津桥学院,20057.jpg
20058,云南师范大学文理学院,20058.jpg
20060,云南艺术学院文华学院,20060.jpg
20061,云南大学旅游文化学院,20061.jpg
21001,贵州大学,21001.png
21003,贵阳中医学院,21003.jpg
21004,贵州财经大学,21004.jpg
21005,贵州民族大学,21005.jpg
21006,贵阳学院,21006.jpg
21007,贵州师范大学,21007.jpg
21008,铜仁学院,21008.jpg
21009,遵义医学院,21009.jpg
21010,遵义师范学院,21010.jpg
21011,毕节职业技术学院,21011.jpg
21013,安顺学院,21013.jpg
21014,凯里学院,21014.jpg
21015,安顺职业技术学院,21015.jpg
21016,贵州电力职业技术学院,21016.jpg
21017,贵州电子信息职业技术学院,21017.jpg
21018,贵州航天职业技术学院,21018.jpg
21020,贵州交通职业技术学院,21020.jpg
21024,贵州轻工职业技术学院,21024.jpg
21027,六盘水职业技术学院,21027.jpg
21028,黔东南民族职业技术学院,21028.jpg
21029,黔南民族医学高等专科学校,21029.jpg
21030,黔南民族职业技术学院,21030.jpg
21032,黔西南民族职业技术学院,21032.jpg
21033,铜仁职业技术学院,21033.jpg
21034,遵义医药高等专科学校,21034.jpg
21035,遵义职业技术学院,21035.png
21037,贵州民族大学人文科技学院,21037.jpg
21038,贵州师范大学求是学院,21038.jpg
21040,遵义医学院医学与科技学院,21040.jpg
21041,贵阳中医学院时珍学院,21041.jpg
21042,贵州大学明德学院,21042.jpg
21043,贵州大学科技学院,21043.jpg
21044,贵阳护理职业学院,21044.jpg
21045,贵州城市职业学院,21045.jpg
22001,四川大学,22001.png
22002,四川农业大学,22002.png
22003,电子科技大学,22003.png
22004,西南交通大学,22004.png
22005,成都理工大学,22005.png
22006,四川师范大学,22006.gif
22007,西南民族大学,22007.jpg
22008,成都学院,22008.jpg
22009,西南财经大学,22009.png
22010,西华大学,22010.jpg
22011,成都中医药大学,22011.jpg
22012,成都信息工程大学,22012.jpg
22013,成都医学院,22013.jpg
22014,四川文理学院,22014.jpg
22015,成都体育学院,22015.jpg
22016,四川音乐学院,22016.jpg
22017,西南石油大学,22017.jpg
22018,中国民用航空飞行学院,22018.jpg
22019,四川理工学院,22019.jpg
22020,西南医科大学,22020.jpg
22021,四川警察学院,22021.jpg
22022,川北医学院,22022.jpg
22023,西华师范大学,22023.jpg
22024,内江师范学院,22024.jpg
22025,乐山师范学院,22025.jpg
22026,绵阳师范学院,22026.jpg
22027,西南科技大学,22027.png
22028,西昌学院,22028.jpg
22029,宜宾学院,22029.jpg
22030,攀枝花学院,22030.jpg
22031,阿坝师范学院,22031.jpg
22032,成都工业学院,22032.jpg
22033,成都东软学院,22033.jpg
22034,成都纺织高等专科学校,22034.jpg
22036,成都航空职业技术学院,22036.jpg
22037,四川传媒学院,22037.jpg
22038,成都农业科技职业学院,22038.jpg
22039,成都艺术职业学院,22039.jpg
22040,成都职业技术学院,22040.jpg
22041,达州职业技术学院,22041.jpg
22042,电子科技大学成都学院,22042.jpg
22043,广安职业技术学院,22043.jpg
22044,四川民族学院,22044.jpg
22045,乐山职业技术学院,22045.jpg
22046,泸州职业技术学院,22046.jpg
22047,眉山职业技术学院,22047.jpg
22048,绵阳职业技术学院,22048.jpg
22049,民办四川天一学院,22049.php?imgurl=
22050,内江职业技术学院,22050.jpg
22051,南充职业技术学院,22051.jpg
22053,四川电力职业技术学院,22053.jpg
22054,四川工程职业技术学院,22054.jpg
22055,四川工商职业技术学院,22055.png
22056,四川管理职业学院,22056.php?imgurl=
22058,四川国际标榜职业学院,22058.jpg
22059,四川航天职业技术学院,22059.jpg
22060,四川华新现代职业学院,22060.jpg
22061,四川化工职业技术学院,22061.jpg
22062,四川机电职业技术学院,22062.png
22063,四川建筑职业技术学院,22063.jpg
22064,四川交通职业技术学院,22064.jpg
22065,成都师范学院,22065.jpg
22067,四川旅游学院,22067.jpg
22068,四川商务职业学院,22068.jpg
22070,四川水利职业技术学院,22070.jpg
22071,四川司法警官职业学院,22071.jpg
22072,四川托普信息技术职业学院,22072.jpg
22074,四川文化传媒职业学院,22074.jpg
22076,四川邮电职业技术学院,22076.jpg
22077,四川职业技术学院,22077.jpg
22078,四川中医药高等专科学校,22078.jpg
22079,雅安职业技术学院,22079.jpg
22080,宜宾职业技术学院,22080.php?imgurl=
22081,四川大学锦城学院,22081.png
22082,四川大学锦江学院,22082.jpg
22084,四川信息职业技术学院,22084.jpg
22085,四川艺术职业学院,22085.png
22086,四川工商学院,22086.jpg
22087,成都文理学院,22087.jpg
22089,成都理工大学工程技术学院,22089.jpg
22090,四川文化产业职业学院,22090.jpg
22091,四川科技职业学院,22091.jpg
22092,西南科技大学城市学院,22092.jpg
22093,四川文化艺术学院,22093.jpg
22094,西南财经大学天府学院,22094.jpg
23001,内蒙古大学,23001.png
23002,内蒙古工业大学,23002.jpg
23003,内蒙古农业大学,23003.jpg
23004,内蒙古师范大学,23004.jpg
23005,内蒙古医科大学,23005.jpg
23006,内蒙古财经大学,23006.jpg
23007,内蒙古科技大学,23007.jpg
23008,内蒙古民族大学,23008.jpg
23009,赤峰学院,23009.jpg
23010,呼伦贝尔学院,23010.jpg
23011,包头钢铁职业技术学院,23011.jpg
23012,包头轻工职业技术学院,23012.jpg
23013,包头职业技术学院,23013.jpg
23014,河套学院,23014.jpg
23015,呼和浩特职业学院,23015.jpg
23016,集宁师范学院,23016.jpg
23017,科尔沁艺术职业学院,23017.jpg
23019,内蒙古电子信息职业技术学院,23019.jpg
23021,内蒙古化工职业学院,23021.jpg
23022,内蒙古机电职业技术学院,23022.jpg
23023,内蒙古建筑职业技术学院,23023.jpg
23024,内蒙古交通职业技术学院,23024.jpg
23025,呼和浩特民族学院,23025.jpg
23026,内蒙古商贸职业学院,23026.jpg
23027,内蒙古体育职业学院,23027.jpg
23028,通辽职业学院,23028.jpg
23029,乌海职业技术学院,23029.jpg
23030,乌兰察布职业学院,23030.jpg
23031,锡林郭勒职业学院,23031.jpg
23032,兴安职业技术学院,23032.jpg
23033,内蒙古警察职业学院,23033.jpg
23034,内蒙古北方职业技术学院,23034.jpg
23036,内蒙古经贸外语职业学院,23036.jpg
23037,内蒙古科技职业学院,23037.jpg
23038,赤峰职业技术学院,23038.php?imgurl=
23103,内蒙古大学创业学院,23103.jpg
23104,内蒙古师范大学鸿德学院,23104.jpg
23105,内蒙古艺术学院,23105.jpg
23106,鄂尔多斯应用技术学院,23106.php?imgurl=
23107,内蒙古丰州职业学院,23107.jpg
23108,包头铁道职业技术学院,23108.jpg
23109,乌兰察布医学高等专科学校,23109.jpg
23110,鄂尔多斯职业学院,23110.jpg
23111,内蒙古工业职业学院,23111.jpg
23112,呼伦贝尔职业技术学院,23112.jpg
23113,满洲里俄语职业学院,23113.php?imgurl=
23114,内蒙古能源职业学院,23114.jpg
23115,赤峰工业职业技术学院,23115.jpg
23116,阿拉善职业技术学院,23116.jpg
23117,内蒙古美术职业学院,23117.jpg
23118,内蒙古民族幼儿师范高等专科学校,23118.jpg
23119,鄂尔多斯生态环境职业学院,23119.jpg
23120,扎兰屯职业学院,23120.jpg
24001,宁夏大学,24001.png
24002,北方民族大学,24002.jpg
24003,宁夏医科大学,24003.jpg
24004,宁夏理工学院,24004.jpg
24007,宁夏职业技术学院,24007.jpg
24008,宁夏财经职业技术学院,24008.jpg
24009,宁夏警官职业学院,24009.jpg
24010,宁夏师范学院,24010.jpg
24011,宁夏工业职业学院,24011.jpg
24013,宁夏建设职业技术学院,24013.jpg
24014,银川能源学院,24014.jpg
24015,宁夏大学新华学院,24015.jpg
25001,兰州大学,25001.png
25002,西北民族大学,25002.jpg
25003,西北师范大学,25003.jpg
25004,甘肃中医药大学,25004.jpg
25005,兰州财经大学,25005.jpg
25006,甘肃政法学院,25006.jpg
25007,兰州城市学院,25007.jpg
25008,甘肃农业大学,25008.jpg
25009,兰州理工大学,25009.jpg
25010,兰州交通大学,25010.jpg
25011,天水师范学院,25011.jpg
25012,陇东学院,25012.jpg
25014,兰州石化职业技术学院,25014.jpg
25015,甘肃工业职业技术学院,25015.jpg
25016,甘肃警察职业学院,25016.jpg
25017,兰州理工大学技术工程学院,25017.jpg
25018,兰州职业技术学院,25018.jpg
25019,武威职业学院,25019.jpg
25020,河西学院,25020.jpg
25021,甘肃畜牧工程职业技术学院,25021.jpg
25022,陇南师范高等专科学校,25022.jpg
25023,甘肃民族师范学院,25023.jpg
25024,兰州文理学院,25024.jpg
25025,甘肃林业职业技术学院,25025.jpg
25026,甘肃建筑职业技术学院,25026.jpg
25027,酒泉职业技术学院,25027.jpg
25028,甘肃农业职业技术学院,25028.jpg
25030,兰州资源环境职业技术学院,25030.jpg
25031,定西师范高等专科学校,25031.jpg
25032,兰州交通大学博文学院,25032.jpg
25033,兰州工业学院,25033.jpg
25034,兰州外语职业学院,25034.jpg
25036,甘肃钢铁职业技术学院,25036.jpg
26001,青海大学,26001.png
26002,青海师范大学,26002.jpg
26003,青海民族大学,26003.jpg
26006,青海畜牧兽医职业技术学院,26006.jpg
26007,青海建筑职业技术学院,26007.jpg
26009,青海警官职业学院,26009.jpg
26010,青海交通职业技术学院,26010.jpg
26011,青海卫生职业技术学院,26011.jpg
27001,西藏大学,27001.jpg
27002,西藏藏医学院,27002.jpg
27003,西藏民族大学,27003.jpg
27004,拉萨师范高等专科学校,27004.jpg
27005,西藏警官高等专科学校,27005.jpg
27006,西藏职业技术学院,27006.jpg
28001,新疆大学,28001.png
28002,新疆农业大学,28002.jpg
28003,新疆医科大学,28003.jpg
28004,新疆师范大学,28004.jpg
28005,新疆财经大学,28005.jpg
28006,新疆艺术学院,28006.jpg
28007,石河子大学,28007.jpg
28008,塔里木大学,28008.jpg
28009,喀什大学,28009.jpg
28010,伊犁师范学院,28010.jpg
28011,昌吉学院,28011.jpg
28012,阿克苏职业技术学院,28012.jpg
28013,巴音郭楞职业技术学院,28013.jpg
28014,昌吉职业技术学院,28014.jpg
28015,和田师范专科学校,28015.jpg
28016,克拉玛依职业技术学院,28016.jpg
28017,乌鲁木齐职业大学,28017.jpg
28018,新疆兵团警官高等专科学校,28018.jpg
28020,新疆工程学院,28020.jpg
28021,新疆建设职业技术学院,28021.jpg
28022,新疆交通职业技术学院,28022.jpg
28023,新疆警察学院,28023.jpg
28024,新疆能源职业技术学院,28024.jpg
28025,新疆农业职业技术学院,28025.jpg
28026,新疆轻工职业技术学院,28026.jpg
28027,新疆石河子职业技术学院,28027.jpg
28028,新疆天山职业技术学院,28028.jpg
28029,新疆维吾尔医学专科学校,28029.jpg
28030,新疆现代职业技术学院,28030.jpg
28031,伊犁职业技术学院,28031.jpg
28033,新疆职业大学,28033.jpg
28035,新疆大学科学技术学院,28035.jpg
28036,新疆农业大学科学技术学院,28036.jpg
28037,新疆财经大学商务学院,28037.jpg
29001,中国科学技术大学,29001.png
29002,安徽大学,29002.png
29003,合肥工业大学,29003.png
29004,安徽医科大学,29004.jpg
29005,安徽建筑大学,29005.jpg
29006,安徽中医药大学,29006.jpg
29007,合肥学院,29007.jpg
29008,安徽农业大学,29008.jpg
29009,安徽工业大学,29009.jpg
29010,安徽科技学院,29010.jpg
29011,皖南医学院,29011.jpg
29012,安徽师范大学,29012.jpg
29014,蚌埠医学院,29014.jpg
29015,安徽财经大学,29015.jpg
29017,淮南师范学院,29017.jpg
29018,安徽理工大学,29018.jpg
29020,安庆师范大学,29020.jpg
29021,铜陵学院,29021.jpg
29022,皖西学院,29022.jpg
29023,巢湖学院,29023.jpg
29024,滁州学院,29024.jpg
29025,宿州学院,29025.jpg
29026,黄山学院,29026.jpg
29027,中山大学新华学院,29027.jpg
29028,蚌埠学院,29028.png
29029,安徽财贸职业学院,29029.jpg
29030,安徽城市管理职业学院,29030.jpg
29031,安徽电气工程职业技术学院,29031.jpg
29032,安徽电子信息职业技术学院,29032.jpg
29033,安徽工贸职业技术学院,29033.jpg
29034,安徽工商职业学院,29034.jpg
29035,安徽工业经济职业技术学院,29035.jpg
29036,安徽公安职业学院,29036.jpg
29037,安徽广播影视职业技术学院,29037.jpeg
29038,安徽国防科技职业学院,29038.jpg
29039,安徽国际商务职业学院,29039.jpg
29040,安徽机电职业技术学院,29040.jpg
29041,安徽交通职业技术学院,29041.jpg
29043,安徽经济管理干部学院,29043.jpg
29044,安徽警官职业学院,29044.jpg
29045,安徽林业职业技术学院,29045.jpg
29047,安徽商贸职业技术学院,29047.jpg
29048,安徽审计职业学院,29048.jpg
29050,安徽水利水电职业技术学院,29050.jpg
29051,安徽体育运动职业技术学院,29051.jpg
29053,安徽新闻出版职业技术学院,29053.jpg
29054,安徽冶金科技职业学院,29054.jpg
29055,安徽医学高等专科学校,29055.jpg
29056,安徽艺术职业学院,29056.jpg
29057,安徽邮电职业技术学院,29057.jpg
29058,安徽职业技术学院,29058.jpg
29059,安徽中澳科技职业学院,29059.jpg
29060,安徽中医药高等专科学校,29060.jpg
29061,安庆职业技术学院,29061.jpg
29064,亳州学院,29064.jpg
29065,亳州职业技术学院,29065.jpg
29066,合肥职业技术学院,29066.jpg
29067,池州学院,29067.jpg
29068,池州职业技术学院,29068.jpg
29069,滁州职业技术学院,29069.jpg
29070,阜阳科技职业学院,29070.php?imgurl=
29071,阜阳职业技术学院,29071.jpg
29073,合肥通用职业技术学院,29073.jpg
29074,淮北职业技术学院,29074.jpg
29075,淮南联合大学,29075.jpg
29076,淮南职业技术学院,29076.jpg
29077,六安职业技术学院,29077.jpg
29078,马鞍山师范高等专科学校,29078.jpg
29081,宿州职业技术学院,29081.jpg
29082,铜陵职业技术学院,29082.jpg
29084,芜湖职业技术学院,29084.jpg
29085,宣城职业技术学院,29085.jpg
29086,安徽师范大学皖江学院,29086.jpg
29087,合肥师范学院,29087.png
29089,安庆医药高等专科学校,29089.jpg
29090,安徽工业职业技术学院,29090.jpg
29101,安徽工程大学,29101.jpg
29102,淮北师范大学,29102.jpg
29103,安徽三联学院,29103.jpg
29105,安徽新华学院,29105.jpg
29106,安徽文达信息工程学院,29106.jpg
29108,安徽外国语学院,29108.jpg
29110,安徽财经大学商学院,29110.jpg
29111,安徽大学江淮学院,29111.jpg
29112,安徽信息工程学院,29112.jpg
29113,安徽工业大学工商学院,29113.jpg
29114,安徽建筑大学城市建设学院,29114.jpg
29115,安徽农业大学经济技术学院,29115.jpg
29116,安徽医科大学临床医学院,29116.png
29117,阜阳师范学院信息工程学院,29117.jpg
29118,淮北师范大学信息学院,29118.jpg
29119,河海大学文天学院,29119.jpg
29124,安徽涉外经济职业学院,29124.jpg
29125,安徽绿海商务职业学院,29125.jpg
29126,合肥共达职业技术学院,29126.php?imgurl=
29127,蚌埠经济技术职业学院,29127.jpg
29129,徽商职业学院,29129.jpg
29130,马鞍山职业技术学院,29130.jpg
29131,安徽现代信息工程职业学院,29131.jpg
29132,安徽矿业职业技术学院,29132.jpg
29133,合肥信息技术职业学院,29133.jpg
29134,桐城师范高等专科学校,29134.jpg
29135,黄山职业技术学院,29135.jpg
29136,滁州城市职业学院,29136.jpg
29137,安徽汽车职业技术学院,29137.php?imgurl=
29138,皖西卫生职业学院,29138.jpg
29139,合肥幼儿师范高等专科学校,29139.jpg
29140,安徽长江职业学院,29140.php?imgurl=
29141,安徽扬子职业技术学院,29141.php?imgurl=
29142,安徽黄梅戏艺术职业学院,29142.php?imgurl=
29143,安徽粮食工程职业学院,29143.jpg
29144,安徽卫生健康职业学院,29144.php?imgurl=
29145,合肥科技职业学院,29145.jpg
29146,皖北卫生职业学院,29146.jpg
29147,阜阳幼儿师范高等专科学校,29147.jpg
30001,浙江大学,30001.png
30002,浙江理工大学,30002.jpg
30003,浙江工业大学,30003.jpg
30004,杭州电子科技大学,30004.jpg
30005,浙江中医药大学,30005.jpg
30006,浙江工商大学,30006.jpg
30007,中国计量大学,30007.jpg
30008,浙江科技学院,30008.jpg
30009,浙江农林大学,30009.jpg
30010,杭州师范大学,30010.jpg
30011,浙江传媒学院,30011.jpg
30012,浙江财经大学,30012.jpg
30013,中国美术学院,30013.jpg
30014,浙江树人学院,30014.jpg
30015,宁波大学,30015.jpg
30016,宁波工程学院,30016.jpg
30017,浙江万里学院,30017.jpg
30018,宁波诺丁汉大学,30018.jpg
30019,嘉兴学院,30019.jpg
30020,浙江海洋大学,30020.jpg
30021,温州大学,30021.jpg
30022,温州医科大学,30022.jpg
30023,湖州师范学院,30023.jpg
30024,台州学院,30024.jpg
30025,绍兴文理学院,30025.gif
30026,丽水学院,30026.jpg
30027,浙江师范大学,30027.jpg
30028,浙江长征职业技术学院,30028.jpg
30029,公安海警学院,30029.jpg
30030,杭州万向职业技术学院,30030.jpg
30031,杭州职业技术学院,30031.jpg
30032,湖州职业技术学院,30032.jpg
30033,嘉兴职业技术学院,30033.jpg
30034,金华职业技术学院,30034.jpg
30036,丽水职业技术学院,30036.jpg
30037,宁波城市职业技术学院,30037.jpg
30038,宁波大红鹰学院,30038.jpg
30039,宁波大学科学技术学院,30039.jpg
30040,宁波卫生职业技术学院,30040.jpg
30041,宁波职业技术学院,30041.jpg
30042,衢州职业技术学院,30042.jpg
30043,绍兴职业技术学院,30043.php?imgurl=
30044,浙江越秀外国语学院,30044.jpg
30045,台州职业技术学院,30045.jpg
30046,温州职业技术学院,30046.jpg
30047,义乌工商职业技术学院,30047.jpg
30048,浙江大学城市学院,30048.jpg
30049,浙江大学宁波理工学院,30049.jpg
30050,浙江东方职业技术学院,30050.jpg
30051,浙江纺织服装职业技术学院,30051.jpg
30052,浙江工贸职业技术学院,30052.jpg
30053,浙江工商职业技术学院,30053.jpg
30054,浙江工业职业技术学院,30054.jpg
30055,浙江警察学院,30055.jpg
30056,浙江广厦建设职业技术学院,30056.jpg
30057,浙江机电职业技术学院,30057.jpg
30058,浙江建设职业技术学院,30058.jpg
30059,浙江交通职业技术学院,30059.jpg
30060,浙江外国语学院,30060.jpg
30061,浙江金融职业学院,30061.jpg
30062,浙江经济职业技术学院,30062.jpg
30063,浙江经贸职业技术学院,30063.jpg
30064,浙江警官职业学院,30064.jpg
30065,浙江旅游职业学院,30065.jpg
30066,浙江商业职业技术学院,30066.jpg
30067,浙江水利水电学院,30067.jpg
30068,杭州医学院,30068.jpg
30069,浙江医药高等专科学校,30069.jpg
30070,浙江艺术职业学院,30070.jpg
30071,浙江育英职业技术学院,30071.jpg
30072,浙江电力职业技术学院,30072.php?imgurl=
30073,嘉兴南洋职业技术学院,30073.jpg
30075,衢州学院,30075.jpg
30076,浙江国际海运职业技术学院,30076.jpg
30107,浙江工业大学之江学院,30107.jpg
30108,浙江师范大学行知学院,30108.jpg
30110,杭州电子科技大学信息工程学院,30110.jpg
30111,浙江理工大学科技与艺术学院,30111.jpg
30113,浙江农林大学暨阳学院,30113.jpg
30114,温州医科大学仁济学院,30114.jpg
30115,浙江中医药大学滨江学院,30115.jpg
30116,杭州师范大学钱江学院,30116.jpg
30117,湖州师范学院求真学院,30117.jpg
30118,绍兴文理学院元培学院,30118.jpg
30119,温州大学瓯江学院,30119.jpg
30120,浙江工商大学杭州商学院,30120.jpg
30121,嘉兴学院南湖学院,30121.jpg
30122,中国计量大学现代科技学院,30122.jpg
30123,浙江财经大学东方学院,30123.jpg
30124,温州商学院,30124.jpg
30125,同济大学浙江学院,30125.jpg
30126,上海财经大学浙江学院,30126.jpg
30128,浙江音乐学院,30128.jpg
30129,温州肯恩大学,30129.jpg
30130,浙江同济科技职业学院,30130.jpg
30132,杭州科技职业技术学院,30132.jpg
30134,浙江邮电职业技术学院,30134.jpg
30136,台州科技职业学院,30136.jpg
30137,浙江体育职业技术学院,30137.jpg
30138,温州科技职业学院,30138.jpg
30139,浙江汽车职业技术学院,30139.jpg
30140,浙江横店影视职业学院,30140.jpg
30141,浙江农业商贸职业学院,30141.jpg
30142,浙江特殊教育职业学院,30142.png
30143,浙江安防职业技术学院,30143.jpg
30144,浙江舟山群岛新区旅游与健康职业学院,30144.jpg
31001,厦门大学,31001.png
31002,集美大学,31002.jpg
31003,厦门理工学院,31003.jpg
31004,福州大学,31004.png
31005,福建师范大学,31005.jpg
31006,福建农林大学,31006.jpg
31007,福建医科大学,31007.jpg
31008,福建工程学院,31008.jpg
31010,闽江学院,31010.jpg
31011,华侨大学,31011.jpg
31012,仰恩大学,31012.jpg
31013,泉州师范学院,31013.jpg
31015,莆田学院,31015.jpg
31016,三明学院,31016.jpg
31017,龙岩学院,31017.jpg
31018,厦门大学嘉庚学院,31018.jpg
31019,集美大学诚毅学院,31019.jpg
31020,阳光学院,31020.jpg
31021,福州大学至诚学院,31021.jpg
31022,福建师范大学协和学院,31022.jpg
31023,福建师范大学闽南科技学院,31023.jpg
31024,福建农林大学东方学院,31024.jpg
31025,福建农林大学金山学院,31025.jpg
31027,福建电力职业技术学院,31027.jpg
31028,福建对外经济贸易职业技术学院,31028.jpg
31029,福建警察学院,31029.jpg
31031,福建华南女子职业学院,31031.jpg
31032,福建船政交通职业学院,31032.jpg
31033,福建教育学院,31033.jpg
31034,福建江夏学院,31034.jpg
31035,福建警官职业学院,31035.php?imgurl=
31036,福建林业职业技术学院,31036.jpg
31037,福建农业职业技术学院,31037.jpg
31038,福建商学院,31038.png
31039,福建生物工程职业技术学院,31039.jpg
31040,福建水利电力职业技术学院,31040.jpg
31041,福建卫生职业技术学院,31041.jpg
31042,福建信息职业技术学院,31042.jpg
31044,福建中医药大学,31044.jpg
31045,福州理工学院,31045.jpg
31046,福州科技职业技术学院,31046.php?imgurl=
31047,福州黎明职业技术学院,31047.jpg
31048,福州软件职业技术学院,31048.jpg
31049,福州外语外贸学院,31049.png
31050,福州英华职业学院,31050.jpg
31051,福州职业技术学院,31051.jpg
31052,黎明职业大学,31052.jpg
31053,湄洲湾职业技术学院,31053.jpg
31054,闽北职业技术学院,31054.jpg
31055,闽西职业技术学院,31055.jpg
31056,武夷学院,31056.jpg
31058,泉州纺织服装职业学院,31058.jpg
31060,泉州华光职业学院,31060.jpg
31061,泉州经贸职业技术学院,31061.jpg
31062,泉州信息工程学院,31062.jpg
31063,泉州医学高等专科学校,31063.jpg
31064,泉州理工职业学院,31064.jpg
31065,三明医学科技职业学院,31065.jpg
31066,厦门海洋职业技术学院,31066.jpg
31067,厦门华天涉外职业技术学院,31067.jpg
31068,厦门华厦学院,31068.png
31070,厦门兴才职业技术学院,31070.jpg
31071,厦门演艺职业学院,31071.jpg
31072,漳州职业技术学院,31072.jpg
31075,厦门城市职业学院,31075.jpg
31076,漳州卫生职业学院,31076.jpg
31101,宁德师范学院,31101.jpg
31102,闽南师范大学,31102.jpg
31104,厦门医学院,31104.jpg
31106,闽南理工学院,31106.jpg
31107,厦门工学院,31107.jpg
31116,福建艺术职业学院,31116.png
31117,福建幼儿师范高等专科学校,31117.jpg
31118,泉州工艺美术职业学院,31118.jpg
31119,宁德职业技术学院,31119.jpg
31120,厦门软件职业技术学院,31120.jpg
31121,福建体育职业技术学院,31121.jpg
31122,漳州城市职业学院,31122.jpg
31124,厦门东海职业技术学院,31124.jpg
31125,漳州科技职业学院,31125.jpg
31126,漳州理工职业学院,31126.jpg
31127,武夷山职业学院,31127.jpg
31128,泉州海洋职业学院,31128.jpg
31129,泉州轻工职业学院,31129.jpg
31130,厦门安防科技职业学院,31130.jpg
31131,泉州幼儿师范高等专科学校,31131.jpg
31132,闽江师范高等专科学校,31132.jpg
31133,泉州工程职业技术学院,31133.jpg
34646,广西科技大学,34646.jpg
34647,桂林理工大学,34647.jpg
34648,广西民族师范学院,34648.jpg
34649,广西科技师范学院,34649.jpg
34650,南宁学院,34650.jpg
34651,桂林航天工业学院,34651.jpg
34652,桂林旅游学院,34652.jpg
34653,广西警察学院,34653.jpg
34654,北海艺术设计学院,34654.png
34655,广西科技大学鹿山学院,34655.jpg
34656,广西中医药大学赛恩斯新医药学院,34656.jpg
34657,桂林理工大学博文管理学院,34657.jpg
34658,广西外国语学院,34658.jpg
34659,柳州铁道职业技术学院,34659.jpg
34660,广西现代职业技术学院,34660.jpg
34661,柳州城市职业学院,34661.jpg
34662,广西工程职业学院,34662.jpg
34663,广西理工职业技术学院,34663.jpg
34664,梧州职业学院,34664.php?imgurl=
34665,广西经济职业学院,34665.jpg
34666,广西幼儿师范高等专科学校,34666.png
34667,广西科技职业学院,34667.jpg
34668,广西卫生职业技术学院,34668.jpg
34669,广西培贤国际职业学院,34669.jpg
34670,广西金融职业技术学院,34670.php?imgurl=
34673,广西蓝天航空职业学院,34673.jpg
34674,海南热带海洋学院,34674.php?imgurl=
34675,海口经济学院,34675.jpg
34678,三亚城市职业学院,34678.jpg
34679,海南工商职业学院,34679.jpg
34680,海南科技职业学院,34680.jpg
34681,三亚理工职业学院,34681.jpg
34682,海南体育职业技术学院,34682.php?imgurl=
34683,重庆理工大学,34683.jpg
34684,重庆人文科技学院,34684.jpg
34685,重庆第二师范学院,34685.jpg
34686,重庆航天职业技术学院,34686.jpg
34687,重庆传媒职业学院,34687.jpg
34688,重庆房地产职业学院,34688.jpg
34689,重庆应用技术职业学院,34689.png
34690,重庆财经职业学院,34690.jpg
34691,重庆科创职业学院,34691.jpg
34692,重庆建筑工程职业学院,34692.jpg
34693,重庆电讯职业学院,34693.jpg
34694,重庆能源职业学院,34694.jpg
34695,重庆商务职业学院,34695.jpg
34696,重庆交通职业学院,34696.jpg
34697,重庆化工职业学院,34697.jpg
34698,重庆旅游职业学院,34698.jpg
34699,重庆安全技术职业学院,34699.jpg
34700,重庆公共运输职业学院,34700.jpg
34701,重庆艺术工程职业学院,34701.jpg
34702,重庆轻工职业学院,34702.jpg
34703,重庆电信职业学院,34703.jpg
34704,重庆经贸职业学院,34704.jpg
34705,重庆幼儿师范高等专科学校,34705.jpg
34706,重庆文化艺术职业学院,34706.jpg
34707,重庆科技职业学院,34707.jpg
34708,重庆资源与环境保护职业学院,34708.jpg
34709,重庆护理职业学院,34709.php?imgurl=
34719,成都信息工程大学银杏酒店管理学院,34719.jpg
34722,四川外国语大学成都学院,34722.jpg
34723,四川工业科技学院,34723.jpg
34725,西南交通大学希望学院,34725.jpg
34727,四川电影电视学院,34727.jpg
34728,四川财经职业学院,34728.jpg
34729,四川城市职业学院,34729.jpg
34730,四川现代职业学院,34730.jpg
34731,四川幼儿师范高等专科学校,34731.jpg
34732,四川长江职业学院,34732.jpg
34733,四川三河职业学院,34733.jpg
34734,川北幼儿师范高等专科学校,34734.jpg
34735,四川卫生康复职业学院,34735.jpg
34736,四川汽车职业技术学院,34736.jpg
34737,巴中职业技术学院,34737.jpg
34738,四川希望汽车职业学院,34738.jpg
34739,四川电子机械职业技术学院,34739.jpg
34740,四川文轩职业学院,34740.jpg
34741,川南幼儿师范高等专科学校,34741.jpg
34742,四川护理职业学院,34742.jpg
34743,成都工业职业技术学院,34743.jpg
34744,四川西南航空职业学院,34744.jpg
34745,成都工贸职业技术学院,34745.php?imgurl=
34746,四川应用技术职业学院,34746.php?imgurl=
34747,贵州医科大学,34747.jpg
34748,兴义民族师范学院,34748.jpg
34749,贵州工程应用技术学院,34749.jpg
34750,黔南民族师范学院,34750.jpg
34751,六盘水师范学院,34751.jpg
34752,贵州商学院,34752.jpg
34753,贵州财经大学商务学院,34753.jpg
34755,贵州医科大学神奇民族医药学院,34755.jpg
34756,贵州师范学院,34756.jpg
34757,贵州理工学院,34757.jpg
34759,贵州工业职业技术学院,34759.jpg
34760,贵阳职业技术学院,34760.jpg
34761,贵州职业技术学院,34761.jpg
34762,贵州盛华职业学院,34762.jpg
34763,贵州工商职业学院,34763.jpg
34764,贵阳幼儿师范高等专科学校,34764.jpg
34765,铜仁幼儿师范高等专科学校,34765.jpg
34766,黔南民族幼儿师范高等专科学校,34766.jpg
34767,毕节医学高等专科学校,34767.jpg
34768,贵州建设职业技术学院,34768.jpg
34769,毕节幼儿师范高等专科学校,34769.jpg
34770,贵州农业职业学院,34770.php?imgurl=
34771,贵州工程职业学院,34771.jpg
34772,贵州工贸职业学院,34772.jpg
34773,贵州水利水电职业技术学院,34773.jpg
34774,贵州电子商务职业技术学院,34774.jpg
34775,贵州应用技术职业学院,34775.jpg
34776,贵州电子科技职业学院,34776.jpg
34777,贵州航空职业技术学院,34777.jpg
34779,昭通学院,34779.jpg
34780,普洱学院,34780.jpg
34781,保山学院,34781.jpg
34782,文山学院,34782.jpg
34783,云南经济管理学院,34783.jpg
34784,昆明医科大学海源学院,34784.jpg
34785,云南工商学院,34785.jpg
34786,滇西科技师范学院,34786.jpg
34787,云南科技信息职业学院,34787.jpg
34788,云南城市建设职业学院,34788.jpg
34789,云南工程职业学院,34789.jpg
34790,云南锡业职业技术学院,34790.jpg
34791,云南经贸外事职业学院,34791.jpg
34792,云南三鑫职业技术学院,34792.jpg
34793,德宏职业学院,34793.jpg
34794,云南商务职业学院,34794.jpg
34795,昆明卫生职业学院,34795.jpg
34796,云南现代职业技术学院,34796.jpg
34797,云南旅游职业学院,34797.jpg
34798,红河卫生职业学院,34798.jpg
34799,云南外事外语职业学院,34799.jpg
34800,大理农林职业技术学院,34800.jpg
34802,云南财经职业学院,34802.jpg
34803,昆明铁道职业技术学院,34803.php?imgurl=
34804,昭通卫生职业学院,34804.php?imgurl=
34805,大理护理职业学院,34805.php?imgurl=
34806,云南水利水电职业学院,34806.php?imgurl=
34807,西安交通工程学院,34807.jpg
34808,陕西学前师范学院,34808.jpg
34809,西安城市建设职业学院,34809.jpg
34810,陕西工商职业学院,34810.jpg
34811,西安医学高等专科学校,34811.jpg
34812,榆林职业技术学院,34812.jpg
34813,陕西艺术职业学院,34813.jpg
34814,陕西机电职业技术学院,34814.jpg
34818,甘肃医学院,34818.jpg
34820,西北师范大学知行学院,34820.jpg
34822,兰州财经大学长青学院,34822.jpg
34823,甘肃交通职业技术学院,34823.jpg
34824,甘肃机电职业技术学院,34824.jpg
34825,甘肃有色冶金职业技术学院,34825.jpg
34826,白银矿冶职业技术学院,34826.jpg
34827,甘肃卫生职业学院,34827.jpg
34828,兰州科技职业学院,34828.jpg
34829,庆阳职业技术学院,34829.png
34830,临夏现代职业学院,34830.jpg
34831,甘肃能源化工职业学院,34831.jpg
34832,兰州现代职业学院,34832.png
34833,平凉职业技术学院,34833.gif
34834,甘肃财贸职业学院,34834.php?imgurl=
34835,青海大学昆仑学院,34835.jpg
34836,西宁城市职业技术学院,34836.jpg
34837,青海高等职业技术学院,34837.png
34838,青海柴达木职业技术学院,34838.jpg
34840,中国矿业大学银川学院,34840.jpg
34841,宁夏民族职业技术学院,34841.jpg
34842,宁夏工商职业技术学院,34842.jpg
34844,宁夏幼儿师范高等专科学校,34844.jpg
34845,宁夏艺术职业学院,34845.jpg
34848,新疆体育职业技术学院,34848.jpg
34849,新疆应用职业技术学院,34849.jpg
34850,新疆师范高等专科学校,34850.jpg
34851,新疆铁道职业技术学院,34851.php?imgurl=
34852,新疆生产建设兵团兴新职业技术学院,34852.jpg
34853,哈密职业技术学院,34853.jpg
34854,新疆科技职业技术学院,34854.php?imgurl=
34855,吐鲁番职业技术学院,34855.%2FPublic%2FUploads%2F
34856,新疆工业职业技术学院,34856.jpg
34864,哈尔滨石油学院,34864.jpg
34866,北京网络职业学院,34866.php?imgurl=
34867,天津体育职业学院,34867.jpg
34868,天津滨海汽车工程职业学院,34868.jpg
34869,河北农业大学现代科技学院,34869.jpg
34870,曹妃甸职业技术学院,34870.jpg
34871,吉林水利电力职业学院,34871.php?imgurl=
34872,长春健康职业学院,34872.jpg
34873,江苏医药职业学院,34873.jpg
34874,江苏旅游职业学院,34874.jpg
34875,厦门南洋职业学院,34875.jpg
34876,福州墨尔本理工职业学院,34876.php?imgurl=
34877,上饶幼儿师范高等专科学校,34877.jpg
34878,抚州幼儿师范高等专科学校,34878.php?imgurl=
34879,日照航海工程职业学院,34879.jpg
34880,濮阳医学高等专科学校,34880.jpg
34882,三门峡社会管理职业学院,34882.jpg
34883,河南轻工职业学院,34883.php?imgurl=
34884,河南测绘职业学院,34884.php?imgurl=
34885,武汉光谷职业学院,34885.jpg
34886,湘潭大学兴湘学院,34886.jpg
34887,湖南工业大学科技学院,34887.jpg
34888,湘中幼儿师范高等专科学校,34888.php?imgurl=
34889,肇庆学院,34889.jpg
34890,深圳北理莫斯科大学,34890.jpg
34891,广东以色列理工学院,34891.jpg
34892,惠州工程职业学院,34892.php?imgurl=
34893,广东江门中医药职业学院,34893.jpg
34894,广西安全工程职业技术学院,34894.php?imgurl=
34895,三亚中瑞酒店管理职业学院,34895.php?imgurl=
34896,茅台学院,34896.png
34897,贵州装备制造职业学院,34897.jpg
34898,贵州健康职业学院,34898.gif
34900,贵州经贸职业技术学院,34900.php?imgurl=
34901,贵州护理职业技术学院,34901.jpg
34904,云南特殊教育职业学院,34904.php?imgurl=
34905,云南工贸职业技术学院,34905.php?imgurl=
34906,云南交通运输职业学院,34906.jpg
34907,西藏农牧学院,34907.png
34909,宁夏体育职业学院,34909.php?imgurl=
34910,新疆医科大学厚博学院,34910.jpg
34911,石河子大学科技学院,34911.jpg
34912,博尔塔拉职业技术学院,34912.php?imgurl=
34933,天津市工会管理干部学院,34933.jpg
34937,河北青年管理干部学院,34937.jpg
34938,山西省政法管理干部学院,34938.jpg
34940,吉林省经济管理干部学院,34940.png
34941,黑龙江省政法管理干部学院,34941.jpg
34942,宁波教育学院,34942.jpg
34948,平顶山教育学院,34948.jpg
34952,荆州教育学院,34952.jpeg
34960,广西教育学院,34960.jpg
34962,广西政法管理干部学院,34962.jpg
34968,陕西工运学院,34968.jpg
34977,中国社会科学院大学,34977.php?imgurl=
34979,内蒙古科技大学包头师范学院,34979.jpg
34982,首都经济贸易大学密云分校,34982.jpeg
34983,北京现代职业技术学院,34983.jpeg
34984,北京大学医学部,34984.jpeg
34985,北京科技大学延庆分校,34985.jpeg
34986,北京邮电大学(宏福校区),34986.jpeg
34987,陆军装甲兵学院,34987.jpeg
34988,陆军防化学院,34988.jpeg
34989,航天工程大学,34989.jpeg
34990,武警特种警察学院,34990.jpeg
34991,天津职业大学,34991.jpg
34992,陆军军事交通学院,34992.png
34993,河北艺术职业学院,34993.jpg
34994,承德应用技术职业学院,34994.jpeg
34995,河北地质职工大学,34995.bmp
34996,石家庄职工大学,34996.jpg
34997,山西经贸职业学院,34997.jpg
34998,大同师范高等专科学校,34998.jpeg
34999,太原幼儿师范高等专科学校,34999.png
35000,山西职工医学院,35000.jpeg
35001,山西煤炭管理干部学院,35001.JPEG
35002,内蒙古科技大学包头医学院,35002.jpeg
35003,辽宁科技大学信息技术学院,35003.png
35004,大连理工大学盘锦校区,35004.jpeg
35005,海军大连舰艇学院,35005.jpeg
35006,吉林省教育学院,35006.jpeg
35007,空军航空大学,35007.jpeg
35008,哈尔滨北方航空职业技术学院,35008.jpeg
35009,黑龙江农垦管理干部学院,35009.png
35010,哈尔滨市职工医学院,35010.jpg
35011,上海旅游高等专科学校,35011.png
35012,上海建峰职业技术学院,35012.jpg
35013,复旦大学上海医学院,35013.jpeg
35014,上海交通大学医学院,35014.jpeg
35015,海军军医大学,35015.jpeg
35016,中国矿业大学,35016.jpeg
35017,扬州市职业大学,35017.jpeg
35018,南京审计学院金审学院,35018.png
35019,中国人民大学(苏州校区),35019.jpeg
35020,江苏省青年管理干部学院,35020.png
35021,陆军工程大学,35021.jpg
35022,浙江海洋学院东海科学技术学院,35022.png
35023,浙江大学医学院,35023.png
35024,阜阳师范学院,35024.jpeg
35026,民办万博科技职业学院,35026.jpeg
35027,民办合肥经济技术职业学院,35027.jpg
35028,民办合肥滨湖职业技术学院,35028.jpg
35029,民办合肥财经职业学院,35029.jpg
35030,民办安徽旅游职业学院,35030.jpg
35031,合肥工业大学(宣城校区),35031.jpg
35032,陆军炮兵防空兵学院,35032.jpg
35033,萍乡卫生职业学院,35033.png
35034,中国石油大学(北京)克拉玛依校区,35034.png
35035,江西婺源茶业职业学院,35035.png
35036,南昌教育学院,35036.jpeg
35037,陆军步兵学院,35037.jpg
35038,聊城教育学院,35038.jpg
35039,海军潜艇学院,35039.jpg
35040,海军航空大学,35040.jpg
35041,中州大学,35041.jpg
35042,河南机电高等专科学校,35042.jpg
35043,郑州卫生健康职业学院,35043.jpg
35044,河南物流职业学院,35044.jpg
35045,第一拖拉机制造厂拖拉机学院,35045.jpeg
35046,河南教育学院,35046.jpg
35047,信息工程大学,35047.jpg
35048,湖北师范学院文理学院,35048.jpg
35049,武汉工业职业技术学院,35049.jpg
35050,海军工程大学,35050.jpg
35051,空军预警学院,35051.jpg
35052,湖南科技工业职业技术学院,35052.jpg
35053,国防科技大学,35053.jpg
35054,广东财经大学,35054.jpg
35055,广东茂名农林科技职业学院,35055.jpg
35056,北京师范大学-香港浸会大学联合国际学院,35056.jpg
35057,哈尔滨工业大学(深圳),35057.jpg
35058,桂林生命与健康职业技术学院,35058.jpg
35059,陆军特种作战学院,35059.jpg
35060,海南健康管理职业技术学院,35060.jpg
35061,陆军军医大学,35061.jpg
35062,陆军勤务学院,35062.jpg
35063,西昌民族幼儿师范高等专科学校,35063.jpeg
35064,眉山药科职业学院,35064.jpeg
35065,德阳城市轨道交通职业学院,35065.jpg
35066,江阳城建职业学院,35066.jpeg
35067,阿坝职业学院,35067.jpeg
35068,电子科技大学(沙河校区),35068.jpg
35069,中国工程物理研究院职工工学院,35069.jpg
35070,四川体育职业学院,35070.png
35071,武警警官学院,35071.jpg
35072,贵州警官职业学院,35072.jpg
35073,六盘水幼儿师范高等专科学校,35073.jpg
35074,昆明幼儿师范高等专科学校,35074.jpg
35075,神木职业技术学院,35075.jpeg
35076,宝鸡三和职业学院,35076.jpeg
35077,陕西航天职工大学,35077.jpg
35078,西安航空职工大学,35078.jpg
35079,西安飞机工业公司职工工学院,35079.jpg
35080,西安铁路工程职工大学,35080.jpg
35081,西安电力机械制造公司机电学院,35081.png
35082,陕西省建筑工程总公司职工大学,35082.jpg
35083,陆军边海防学院,35083.jpg
35084,空军工程大学,35084.jpg
35085,空军军医大学,35085.jpg
35086,火箭军工程大学,35086.jpg
35087,武警工程大学,35087.php?imgurl=
35088,兰州商学院陇桥学院,35088.jpg
35089,兰州航空工业职工大学,35089.jpg
35090,宁夏防沙治沙职业技术学院,35090.jpg
35091,新疆机电职业技术学院,35091.jpg
35092,和田职业技术学院,35092.jpeg
35093,铁门关职业技术学院,35093.jpeg
35094,石河子工程职业技术学院,35094.jpg
35095,湖南警察学院,35095.png
